id,y
5380,5.558907781
5381,8.108189041
5382,5.002535572
5383,6.069221547
5384,7.921521363
5385,2.691840609
5386,53.35373931
5387,15.58661243
5388,4.660938791
5389,6.230616921
5390,4.994349369
5391,1.755384541
5392,1.138101331
5393,2.967720232
5394,22.16288554
5395,19.74079756
5396,7.010362508
5397,1.344432184
5398,7.375260849
5399,17.10683746
5400,8.400501299
5401,7.537062654
5402,1.468845899
5403,7.763644987
5404,16.54788265
5405,6.676164574
5406,17.86982424
5407,7.884094741
5408,2.81482679
5409,2.345336935
5410,0.459634509
5411,5.01376721
5412,2.116585768
5413,4.46788563
5414,5.961158487
5415,-0.366416964
5416,5.300964374
5417,22.01584041
5418,7.374357306
5419,7.341900559
5420,10.47275554
5421,3.442589482
5422,0.68250344
5423,19.76179942
5424,11.27651076
5425,15.23615324
5426,7.722184558
5427,20.28661476
5428,4.60855123
5429,8.394722857
5430,-2.226032008
5431,14.85870519
5432,8.231609627
5433,18.19440898
5434,20.08189986
5435,27.16729844
5436,2.090394265
5437,13.73203348
5438,18.25085195
5439,3.180933146
5440,9.289313019
5441,4.575013743
5442,1.418100148
5443,26.01751567
5444,3.290569917
5445,11.28814723
5446,14.14351758
5447,0.532992396
5448,10.90674608
5449,-0.071272729
5450,3.222909707
5451,2.447308289
5452,-2.544886626
5453,12.40632941
5454,24.99672024
5455,13.61379706
5456,10.81658711
5457,10.58479201
5458,13.70879874
5459,8.906516478
5460,1.347390886
5461,11.45771886
5462,6.383363331
5463,5.178732308
5464,8.71720991
5465,7.713999238
5466,10.75463378
5467,7.768447235
5468,6.277000386
5469,1.337420681
5470,26.77197427
5471,1.692494881
5472,7.866651109
5473,37.54785818
5474,4.603347116
5475,16.19518037
5476,7.235214332
5477,46.48370781
5478,20.51009798
5479,0.01003235
5480,5.978391156
5481,15.75019186
5482,6.948460481
5483,1.087019355
5484,11.46815214
5485,3.802808926
5486,18.79985308
5487,5.294500543
5488,4.587272031
5489,5.981965623
5490,2.288646514
5491,2.650079659
5492,5.160604744
5493,3.568079291
5494,18.65857004
5495,5.256830125
5496,0.580874772
5497,9.85806499
5498,4.260788692
5499,8.805704008
5500,12.07329368
5501,23.157091
5502,12.23535173
5503,-1.349435755
5504,7.774188887
5505,-0.528478091
5506,2.460636055
5507,1.3267042
5508,5.633808776
5509,2.207029223
5510,56.20701625
5511,9.517705928
5512,8.491921739
5513,6.26695851
5514,1.308795975
5515,13.79682834
5516,22.4376419
5517,7.56455782
5518,6.662564164
5519,9.925569465
5520,3.128903766
5521,27.02699303
5522,1.46552018
5523,3.979779142
5524,9.659382587
5525,2.706685806
5526,20.93648945
5527,2.42533138
5528,5.338112522
5529,11.9258265
5530,7.217485465
5531,47.79648094
5532,2.423090843
5533,7.122862203
5534,1.558874097
5535,14.36873552
5536,10.54188354
5537,3.267787656
5538,2.820935593
5539,6.912775678
5540,2.438651674
5541,23.48457285
5542,-2.298224779
5543,8.446646032
5544,14.98107227
5545,2.939572245
5546,7.96227986
5547,65.64790314
5548,8.539717169
5549,9.118953766
5550,10.35345564
5551,16.3556203
5552,10.40971089
5553,1.799166254
5554,7.838035231
5555,4.282299928
5556,12.59303495
5557,4.209490653
5558,11.99962366
5559,12.79646737
5560,6.376005153
5561,2.050944969
5562,18.26036124
5563,1.920367901
5564,11.17460135
5565,16.32664281
5566,21.4010829
5567,22.59202864
5568,0.532008371
5569,0.21759225
5570,-1.743663014
5571,10.87718306
5572,1.378147919
5573,3.675410553
5574,23.19881814
5575,9.204680609
5576,11.7940316
5577,2.890740733
5578,2.803944705
5579,0.555237724
5580,11.12753236
5581,-0.990891714
5582,22.32990968
5583,52.26758239
5584,4.212916893
5585,3.547365649
5586,3.023477118
5587,12.86098917
5588,1.99692898
5589,15.21178922
5590,17.54888437
5591,5.368508205
5592,14.15058823
5593,8.886760882
5594,1.077819663
5595,6.220649704
5596,0.724235334
5597,6.026131497
5598,14.97354323
5599,4.244359522
5600,8.821300084
5601,15.23866395
5602,3.616831627
5603,8.684205107
5604,8.427179475
5605,10.16755707
5606,0.524192881
5607,18.79163459
5608,16.15765381
5609,-1.840112893
5610,5.883008103
5611,8.103998121
5612,0.020160039
5613,0.411261243
5614,28.05156451
5615,4.093109785
5616,9.574650828
5617,22.98267409
5618,5.271194946
5619,4.089376229
5620,12.81937832
5621,2.288961408
5622,1.745155039
5623,4.832137327
5624,10.63457718
5625,11.61361252
5626,6.216384186
5627,5.748298235
5628,2.351007651
5629,5.643129734
5630,4.42181059
5631,6.797872089
5632,10.71888867
5633,4.119243463
5634,2.858366519
5635,4.396731729
5636,1.755924209
5637,4.801628117
5638,15.94808243
5639,8.955318801
5640,4.315810854
5641,2.052464987
5642,4.079514446
5643,9.951691352
5644,5.775891699
5645,6.284631058
5646,12.52890178
5647,13.70575871
5648,15.88987518
5649,4.936247102
5650,8.634376261
5651,35.4038377
5652,11.56172116
5653,2.821900457
5654,1.566421229
5655,-1.15532559
5656,6.67691691
5657,6.658641659
5658,4.943102576
5659,-0.649386003
5660,4.713876608
5661,4.560159528
5662,1.580241653
5663,7.284677809
5664,5.579551703
5665,0.182697963
5666,1.38474666
5667,10.11222552
5668,6.208046087
5669,1.446858193
5670,4.053892065
5671,3.902418391
5672,1.29563347
5673,0.650201199
5674,16.18550361
5675,13.43401345
5676,16.98615074
5677,17.72697457
5678,2.187660965
5679,30.33343417
5680,16.01499053
5681,10.66138595
5682,22.09822604
5683,1.220356096
5684,10.30493247
5685,12.16094964
5686,13.69913009
5687,1.657517751
5688,9.525409042
5689,19.72502182
5690,7.574947922
5691,1.349370374
5692,10.78996873
5693,5.587916032
5694,4.635246889
5695,6.629975149
5696,2.540623473
5697,7.542543365
5698,12.99247757
5699,3.785951894
5700,12.10556074
5701,12.81828545
5702,0.697683962
5703,4.679672672
5704,2.262860546
5705,48.0780731
5706,20.95325809
5707,1.722572388
5708,8.694644515
5709,8.51083962
5710,2.513385604
5711,16.5902342
5712,7.315561508
5713,13.22461663
5714,7.922319545
5715,-0.355439025
5716,12.62482606
5717,6.241195555
5718,13.61870073
5719,4.553228076
5720,14.80186387
5721,5.709119147
5722,13.08770692
5723,1.5323536
5724,3.004476467
5725,8.047084755
5726,5.08081063
5727,34.11990797
5728,20.43106033
5729,10.37981185
5730,1.925168534
5731,12.18839658
5732,6.061826233
5733,-0.278874229
5734,0.573975778
5735,10.79721094
5736,5.730660803
5737,6.523477719
5738,8.736073936
5739,29.55240798
5740,6.345025199
5741,13.01675465
5742,5.985545089
5743,12.92675725
5744,8.291513815
5745,11.41020822
5746,4.007341621
5747,5.047210258
5748,5.432622946
5749,5.55519817
5750,4.230146226
5751,7.55499052
5752,3.040364286
5753,4.512895202
5754,6.182232311
5755,3.204079694
5756,24.62667588
5757,1.180907674
5758,4.368995496
5759,-1.958302607
5760,1.836593776
5761,0.724405042
5762,51.99556031
5763,6.975496352
5764,3.335034549
5765,3.798303106
5766,4.451155491
5767,4.337063466
5768,4.336538072
5769,2.598352448
5770,9.159949273
5771,3.795456889
5772,4.233671631
5773,7.78149595
5774,7.0795109
5775,19.47484493
5776,9.676816403
5777,1.26133923
5778,3.09237023
5779,6.033259543
5780,3.982365422
5781,1.723930024
5782,6.139942023
5783,9.291158701
5784,6.976202587
5785,14.02656766
5786,12.60668875
5787,7.729109107
5788,9.35908963
5789,1.893865835
5790,13.82755644
5791,0.653112188
5792,3.358301936
5793,14.54507765
5794,4.513810105
5795,12.89081461
5796,9.505004148
5797,8.937260258
5798,17.95416943
5799,2.91523721
5800,23.15392223
5801,4.877457338
5802,3.557271616
5803,7.314183234
5804,5.12478116
5805,6.160021376
5806,7.6186605
5807,15.59351801
5808,9.837446594
5809,27.00725855
5810,14.13989052
5811,56.5221642
5812,4.617849916
5813,9.982382388
5814,5.795858345
5815,3.359737648
5816,10.05980087
5817,9.604902604
5818,9.397080585
5819,3.444052329
5820,6.690563025
5821,6.513885625
5822,8.683153438
5823,5.698838002
5824,49.4117337
5825,3.95294712
5826,10.25980624
5827,3.50357777
5828,0.777646461
5829,10.3922948
5830,6.780461496
5831,5.602071755
5832,8.71591338
5833,34.82085524
5834,5.852685019
5835,3.934540525
5836,2.738205883
5837,2.626609923
5838,5.06497921
5839,8.759684408
5840,13.95394689
5841,4.033577445
5842,7.340725325
5843,6.754166968
5844,9.088549926
5845,9.903830948
5846,9.84591437
5847,6.586841231
5848,3.965524301
5849,15.97799712
5850,11.70535154
5851,9.888643267
5852,10.64356477
5853,9.346324042
5854,2.046481131
5855,2.095936203
5856,10.94705274
5857,8.540718511
5858,2.928277039
5859,13.7050915
5860,2.605832951
5861,8.220889334
5862,10.28631767
5863,12.07198886
5864,11.84721966
5865,1.393802843
5866,17.76508377
5867,22.70751327
5868,9.007412611
5869,12.19714143
5870,5.076589835
5871,6.326708706
5872,17.44335475
5873,16.70511826
5874,11.72092655
5875,7.815239956
5876,4.082185938
5877,0.177802171
5878,18.1450861
5879,14.05617922
5880,13.82314085
5881,13.72922584
5882,6.145972281
5883,8.121653592
5884,5.087266671
5885,11.24262809
5886,9.509390826
5887,8.203842705
5888,-0.70186103
5889,27.36915893
5890,7.257760758
5891,6.435822392
5892,5.033037024
5893,4.138507254
5894,5.363534889
5895,17.90511189
5896,8.194545342
5897,4.234347753
5898,9.881347278
5899,23.46858833
5900,14.60927152
5901,6.074304222
5902,5.818588503
5903,18.7937467
5904,17.10803633
5905,-0.564766444
5906,10.45527256
5907,-0.18741363
5908,3.64566249
5909,23.31231443
5910,4.253801401
5911,4.239005839
5912,5.153737664
5913,0.37325284
5914,0.980811254
5915,6.045657939
5916,0.16694243
5917,8.478509813
5918,14.73635605
5919,6.437505724
5920,16.4674088
5921,3.110925081
5922,6.467474601
5923,5.06206146
5924,1.758317768
5925,4.051834468
5926,14.27070628
5927,5.612565979
5928,3.088542454
5929,10.69747075
5930,8.507329315
5931,12.79124604
5932,-0.181069731
5933,0.40127103
5934,35.26420935
5935,4.013342537
5936,12.75077384
5937,5.442571114
5938,12.21944552
5939,15.2775263
5940,18.79712842
5941,0.124125149
5942,5.843038071
5943,3.401375642
5944,19.98593145
5945,8.969152862
5946,5.585749813
5947,3.819180533
5948,0.848636144
5949,4.12497878
5950,16.55261269
5951,-0.270908788
5952,14.09245936
5953,13.0323612
5954,8.464387942
5955,-0.239636047
5956,7.912097719
5957,5.523151478
5958,9.305382651
5959,3.191451591
5960,4.925293443
5961,3.785827096
5962,9.942533574
5963,7.924257602
5964,1.939834195
5965,22.92255428
5966,5.341582822
5967,5.624354784
5968,-0.165693273
5969,19.39224929
5970,7.417292681
5971,2.622278207
5972,7.048161719
5973,6.402545629
5974,9.953757492
5975,6.004990303
5976,19.85515884
5977,8.43076058
5978,6.62664018
5979,7.95302812
5980,18.59965624
5981,4.036785596
5982,6.249519035
5983,6.823365291
5984,3.692010715
5985,13.90417063
5986,13.06064492
5987,1.567543277
5988,1.598684111
5989,3.542365473
5990,6.101644306
5991,1.809807068
5992,6.697927994
5993,10.84452801
5994,20.99750473
5995,4.010331929
5996,6.968473247
5997,2.444187981
5998,4.919611313
5999,14.77882131
6000,20.50791261
6001,1.947945118
6002,3.388716683
6003,8.62070282
6004,5.720649762
6005,8.290513468
6006,11.15419965
6007,7.999219564
6008,11.14577704
6009,18.64576664
6010,8.631187339
6011,10.13123834
6012,9.83494746
6013,5.596978279
6014,-0.826057967
6015,6.577124538
6016,1.59841538
6017,6.304063482
6018,9.637115504
6019,12.78805733
6020,5.740902143
6021,23.02793968
6022,15.01112854
6023,7.660072587
6024,8.204872898
6025,2.844566955
6026,13.76305197
6027,5.434209029
6028,4.876048141
6029,1.587957119
6030,9.689634449
6031,5.551071195
6032,10.4002606
6033,7.636102419
6034,5.461352047
6035,60.41013638
6036,35.74216593
6037,3.994880852
6038,15.93186955
6039,6.930016938
6040,7.689453801
6041,4.751156745
6042,6.03651214
6043,5.930538859
6044,12.35571736
6045,10.0559552
6046,15.36170413
6047,3.349185191
6048,3.56826502
6049,2.744712448
6050,4.209343783
6051,4.340988888
6052,1.289235398
6053,2.098628498
6054,3.297901038
6055,-0.219195929
6056,2.994254189
6057,16.90093644
6058,7.898533336
6059,2.67350553
6060,6.711638962
6061,3.860612855
6062,5.326321049
6063,0.428991218
6064,4.020664329
6065,7.989936004
6066,0.300395866
6067,5.275408297
6068,8.419345853
6069,10.53261617
6070,2.646219939
6071,5.011746977
6072,1.973382094
6073,13.08998546
6074,4.005698409
6075,7.711807191
6076,16.98765452
6077,-1.312643364
6078,5.857100596
6079,13.70597014
6080,7.784161754
6081,2.005747055
6082,1.067511332
6083,3.07120297
6084,14.46528863
6085,10.06807071
6086,15.61210386
6087,13.22824962
6088,5.096728847
6089,2.819959379
6090,6.103782334
6091,9.915570782
6092,6.896850252
6093,5.999765305
6094,6.964870448
6095,7.343164172
6096,5.017306917
6097,14.53113303
6098,24.95894542
6099,13.17273015
6100,33.98317482
6101,-0.615471797
6102,7.428618593
6103,1.734601649
6104,5.213605821
6105,11.56110821
6106,7.170224959
6107,7.081735537
6108,16.41855781
6109,10.36094303
6110,1.312719355
6111,2.606283885
6112,10.49386958
6113,5.63411559
6114,3.19940354
6115,6.322018707
6116,5.653724144
6117,6.199909656
6118,14.19491457
6119,1.776135884
6120,9.267272175
6121,1.931642563
6122,29.55080569
6123,3.40883179
6124,2.699356678
6125,20.39636788
6126,6.99931346
6127,5.582190487
6128,13.15628702
6129,8.519494902
6130,8.757271393
6131,11.52322563
6132,0.136252713
6133,6.602334857
6134,15.75435554
6135,10.77189894
6136,27.03558371
6137,-0.096394336
6138,7.513978525
6139,19.23405245
6140,5.049886632
6141,8.57991884
6142,8.533656463
6143,19.01727808
6144,6.67567998
6145,4.734011214
6146,1.716355672
6147,7.84035747
6148,3.842566399
6149,4.213173407
6150,3.69619857
6151,9.150807193
6152,10.13719243
6153,19.86983847
6154,10.1553171
6155,24.46916726
6156,4.997529503
6157,0.324612724
6158,9.939293513
6159,8.509281876
6160,38.04116803
6161,45.68000875
6162,11.6140919
6163,4.859053458
6164,3.747246526
6165,22.71265821
6166,7.151856557
6167,16.96566791
6168,5.659469675
6169,7.119486466
6170,5.626713409
6171,4.779166704
6172,6.093111427
6173,15.70583101
6174,19.87715615
6175,9.072161173
6176,18.91265272
6177,5.828298581
6178,5.495676602
6179,-0.053294202
6180,5.213841938
6181,3.342805454
6182,5.10496445
6183,3.875698219
6184,3.843719098
6185,0.129451498
6186,13.82487613
6187,10.11350073
6188,8.267710958
6189,1.450783974
6190,7.617055443
6191,2.177809476
6192,8.776882835
6193,11.04121424
6194,-0.058899259
6195,-2.84569411
6196,3.616348519
6197,2.05877646
6198,8.079484886
6199,-0.094323276
6200,17.55207304
6201,15.66874371
6202,3.696976802
6203,2.385230107
6204,70.90771732
6205,6.721671708
6206,3.936416156
6207,9.72419571
6208,9.059579066
6209,8.434456641
6210,11.53501961
6211,4.279384037
6212,9.329919057
6213,8.254031616
6214,4.473711599
6215,6.135314119
6216,13.63702127
6217,11.69769795
6218,3.930926201
6219,3.114508161
6220,2.431452421
6221,4.558594134
6222,3.000279892
6223,3.672855512
6224,1.864461054
6225,16.42301305
6226,4.296370418
6227,8.991604923
6228,29.56190108
6229,0.149448269
6230,20.61395249
6231,4.19366841
6232,34.74390913
6233,6.636432733
6234,2.273767753
6235,13.92839684
6236,4.185993797
6237,16.42767058
6238,12.5140437
6239,45.43346612
6240,7.360590548
6241,4.730989901
6242,6.625321256
6243,23.99822999
6244,8.302189735
6245,3.993511439
6246,5.446254742
6247,3.923514195
6248,28.9088651
6249,14.95979442
6250,23.84693876
6251,13.8144085
6252,6.417545815
6253,8.207259838
6254,7.407876381
6255,6.73664479
6256,12.17198646
6257,5.56159154
6258,16.07172358
6259,2.286197184
6260,7.559707737
6261,12.93878837
6262,21.55566616
6263,11.13855584
6264,0.369266276
6265,9.043530995
6266,4.021559427
6267,4.360993302
6268,0.865293851
6269,7.788766969
6270,6.065991075
6271,3.209257176
6272,15.79909157
6273,1.640809849
6274,28.67435164
6275,5.924856343
6276,-1.079774689
6277,1.451699603
6278,1.447386877
6279,3.011290697
6280,7.910661991
6281,25.77060282
6282,0.06153043
6283,6.97840739
6284,19.41439248
6285,5.746554373
6286,6.238098214
6287,2.904111277
6288,10.81304805
6289,3.656218144
6290,5.939229914
6291,-2.158904503
6292,-0.556196647
6293,9.078093147
6294,10.68530479
6295,8.307033289
6296,1.908860801
6297,3.438952725
6298,22.82307952
6299,17.61622139
6300,9.837734577
6301,10.34674499
6302,6.414597149
6303,7.58077605
6304,3.278011641
6305,3.774022472
6306,8.839724781
6307,4.283310017
6308,0.794561536
6309,5.590993903
6310,34.69617347
6311,8.13390984
6312,-2.034095386
6313,1.44558949
6314,3.366882067
6315,5.879960648
6316,12.07688516
6317,5.747962211
6318,13.10549385
6319,2.424243852
6320,31.76934979
6321,2.166113631
6322,5.72000572
6323,7.67524569
6324,15.34206262
6325,18.95502431
6326,32.12582988
6327,0.752985099
6328,6.893292223
6329,8.019165916
6330,5.54925541
6331,5.651328927
6332,8.350507284
6333,3.090822967
6334,12.58720763
6335,12.49806322
6336,-1.304399601
6337,15.36481784
6338,5.75571947
6339,7.088660538
6340,4.077885561
6341,0.712650687
6342,-0.036547
6343,5.274778468
6344,4.241334584
6345,4.815516384
6346,14.04472282
6347,9.193663544
6348,6.52878429
6349,9.594388064
6350,3.245891955
6351,5.680787484
6352,1.210577598
6353,12.42183143
6354,5.138242658
6355,12.28416126
6356,2.532820704
6357,-1.546388665
6358,2.872163133
6359,4.631071621
6360,8.62502259
6361,3.455359936
6362,9.909251194
6363,20.90530402
6364,9.423768739
6365,1.643113115
6366,10.12871561
6367,18.5838363
6368,4.277712607
6369,2.794598579
6370,2.932747955
6371,9.357376476
6372,3.653015056
6373,10.76440016
6374,6.338883064
6375,4.705576605
6376,35.72264162
6377,4.058833668
6378,3.592915473
6379,4.288980143
6380,6.962198294
6381,6.312522271
6382,5.063341485
6383,7.663477854
6384,7.360928427
6385,4.883697346
6386,6.515365689
6387,4.838284538
6388,11.65959283
6389,7.221625368
6390,58.39740355
6391,13.43837144
6392,6.15374194
6393,3.515056767
6394,10.9973029
6395,6.950958992
6396,12.04790814
6397,25.57825581
6398,4.28124674
6399,29.6646452
6400,-0.082924226
6401,2.552691389
6402,3.534560201
6403,9.575868295
6404,2.276213067
6405,6.579363252
6406,-0.184850965
6407,5.269877553
6408,9.431965259
6409,21.10443837
6410,15.21480254
6411,2.146924717
6412,15.31833593
6413,6.102906886
6414,7.725289434
6415,4.680329222
6416,9.125829839
6417,23.13971923
6418,7.784981881
6419,3.063407376
6420,6.588865456
6421,11.09849554
6422,13.09153527
6423,0.239372255
6424,3.769499019
6425,10.77127972
6426,15.11930811
6427,3.737714675
6428,4.899243812
6429,11.04550139
6430,5.920110329
6431,8.029146956
6432,2.443023171
6433,7.087505076
6434,7.473874615
6435,18.64021246
6436,4.833942963
6437,1.072799884
6438,17.721256
6439,4.714126484
6440,5.884489966
6441,13.19934155
6442,8.520803738
6443,7.917211091
6444,12.97145614
6445,9.833108842
6446,5.863122004
6447,0.892083843
6448,6.401583776
6449,4.844539236
6450,2.939157389
6451,14.96672981
6452,3.392482878
6453,3.363096856
6454,7.378181448
6455,10.02107753
6456,7.893040199
6457,2.122441953
6458,11.0018575
6459,9.126639353
6460,0.024922281
6461,4.409254892
6462,4.359223382
6463,4.695627955
6464,6.888030948
6465,8.046481501
6466,1.888499244
6467,1.916093067
6468,0.817637981
6469,31.36673172
6470,11.85825225
6471,4.019161641
6472,6.162787865
6473,7.310944676
6474,3.419044706
6475,1.459280302
6476,7.207136311
6477,1.880640577
6478,3.456788751
6479,-1.421715774
6480,2.308957412
6481,-0.000883344
6482,2.606365418
6483,5.513667952
6484,2.763751237
6485,4.701627765
6486,7.757841764
6487,-2.318052248
6488,15.46387201
6489,15.5956811
6490,2.93263988
6491,21.0825312
6492,9.850727924
6493,4.212511706
6494,7.099274457
6495,3.813647951
6496,12.74534409
6497,2.835305346
6498,-0.959623976
6499,5.426393763
6500,6.16349618
6501,1.580082442
6502,18.65644383
6503,10.82670156
6504,3.706482635
6505,8.230222459
6506,8.325534113
6507,16.31543894
6508,18.7374937
6509,2.795471862
6510,17.83670534
6511,4.854637346
6512,7.25221853
6513,10.3257272
6514,9.005718111
6515,13.51816354
6516,11.16480026
6517,7.47010689
6518,18.14179098
6519,8.203358926
6520,26.83864574
6521,4.044146003
6522,3.333375356
6523,-1.035998208
6524,4.593768674
6525,4.696885391
6526,13.48789014
6527,16.43338787
6528,36.68186748
6529,6.381402459
6530,2.129263558
6531,10.91668869
6532,12.91780934
6533,-0.32526495
6534,13.12137276
6535,19.29714649
6536,8.642627911
6537,5.582140702
6538,4.109808828
6539,3.964288605
6540,-0.303872802
6541,9.081869476
6542,5.698954224
6543,8.817413107
6544,12.66431718
6545,5.884439306
6546,2.200870328
6547,6.497960565
6548,2.275550939
6549,3.477404828
6550,6.472765867
6551,14.42290036
6552,7.49243813
6553,4.576230012
6554,8.302239673
6555,19.1628651
6556,10.86493636
6557,10.93253549
6558,5.066737138
6559,5.220661059
6560,5.866598145
6561,4.665054159
6562,16.10765942
6563,0.357927959
6564,1.793854939
6565,10.00134801
6566,5.404474619
6567,6.981530944
6568,8.981232637
6569,1.56202262
6570,1.783839463
6571,1.200028633
6572,3.211663826
6573,2.150217734
6574,8.726198509
6575,4.621857889
6576,2.802684302
6577,9.060864472
6578,10.9945691
6579,12.41959947
6580,5.477201765
6581,9.72970321
6582,16.69822888
6583,7.720558365
6584,3.223615248
6585,6.790575799
6586,4.444282513
6587,5.384438919
6588,1.128506311
6589,48.68922084
6590,16.41974816
6591,17.41294676
6592,1.100799438
6593,15.63224208
6594,17.45534109
6595,24.05393543
6596,19.1748496
6597,10.35677498
6598,5.90872581
6599,8.483389574
6600,5.445121985
6601,2.283453971
6602,18.20766241
6603,16.14720315
6604,31.46273443
6605,5.179213459
6606,1.672077109
6607,-0.145834202
6608,12.79221155
6609,2.301506461
6610,0.735862375
6611,12.55017197
6612,16.11315774
6613,1.115824826
6614,28.16664251
6615,4.271913006
6616,5.669591073
6617,1.620255097
6618,27.61135332
6619,3.137910701
6620,5.44170038
6621,2.376164043
6622,6.378854655
6623,10.26098496
6624,4.16612437
6625,12.6055799
6626,11.31933889
6627,4.652144902
6628,5.155972934
6629,4.43473246
6630,-0.520575569
6631,3.908629687
6632,26.73548331
6633,10.4800974
6634,19.67612379
6635,12.94234686
6636,0.77266755
6637,6.023203361
6638,5.979230042
6639,17.48884298
6640,12.45990374
6641,1.035362332
6642,1.003602923
6643,2.410349264
6644,11.96773581
6645,8.423545532
6646,20.01604528
6647,7.142853849
6648,6.140885053
6649,6.80828546
6650,2.015748432
6651,27.6132481
6652,10.03903471
6653,10.13504497
6654,-0.918301747
6655,11.63240339
6656,12.41882501
6657,7.581921715
6658,7.793631159
6659,8.505826143
6660,15.29383412
6661,13.27482904
6662,17.67794361
6663,3.517838755
6664,18.10266647
6665,1.917591725
6666,2.169164849
6667,19.13522364
6668,15.72769819
6669,3.320120497
6670,16.58906276
6671,7.533212994
6672,4.49648395
6673,8.370780273
6674,2.588154701
6675,7.971759045
6676,4.855094031
6677,3.895710539
6678,3.438690654
6679,10.19333984
6680,13.33958285
6681,14.20418723
6682,18.04247251
6683,3.948920847
6684,5.96383229
6685,4.976336372
6686,5.395519514
6687,11.73705977
6688,8.151414572
6689,6.061155297
6690,-0.322746257
6691,5.715768634
6692,14.59261713
6693,7.767855399
6694,11.16529875
6695,0.83002531
6696,1.932102967
6697,7.329518756
6698,9.498083948
6699,12.17155452
6700,5.282073348
6701,7.071141415
6702,7.773455007
6703,8.313098052
6704,13.50426494
6705,3.439732234
6706,4.290590643
6707,10.31967517
6708,0.70256632
6709,16.60022528
6710,6.26574295
6711,14.33514637
6712,7.302062264
6713,-1.429141317
6714,0.50069933
6715,1.160004577
6716,12.2283969
6717,3.238481323
6718,12.72366446
6719,2.842974725
6720,0.276132903
6721,5.790155304
6722,9.235514978
6723,2.664062766
6724,3.977641816
6725,-0.56341818
6726,11.30818374
6727,11.35129793
6728,0.782991843
6729,12.84755171
6730,13.94088489
6731,7.000827422
6732,23.67350834
6733,8.74877195
6734,41.00696715
6735,2.421188284
6736,4.658243161
6737,5.716484904
6738,12.593317
6739,8.293042344
6740,19.40948825
6741,11.72071255
6742,7.357866987
6743,4.621083683
6744,5.854417521
6745,8.332671803
6746,3.471582263
6747,8.443072543
6748,0.101632123
6749,30.53641457
6750,6.097563139
6751,8.399952516
6752,4.187096344
6753,9.503532079
6754,5.222285001
6755,3.458720829
6756,20.57213014
6757,2.791130235
6758,5.343606581
6759,0.768058867
6760,20.6028832
6761,4.849955796
6762,6.502354646
6763,37.73855059
6764,5.500765493
6765,14.58984704
6766,21.23727065
6767,9.651315343
6768,7.651570814
6769,8.924284031
6770,8.729516377
6771,7.918285242
6772,35.33278736
6773,10.49510652
6774,22.73502115
6775,11.3468005
6776,4.158229466
6777,1.566260972
6778,3.36364524
6779,14.71422504
6780,23.08233961
6781,26.64621545
6782,22.69086824
6783,1.256841566
6784,7.024158336
6785,9.370651849
6786,3.953853418
6787,0.930277083
6788,6.638679158
6789,3.267192734
6790,5.96668933
6791,14.25068743
6792,16.41652294
6793,5.490622632
6794,10.19193004
6795,3.791009538
6796,6.467733231
6797,3.507456291
6798,21.25106427
6799,2.814269744
6800,10.00733086
6801,9.896077155
6802,2.259759094
6803,10.42845529
6804,4.376992246
6805,23.12740823
6806,5.848663
6807,10.59711149
6808,-0.769184219
6809,7.29132161
6810,3.890375093
6811,18.8324402
6812,1.575409431
6813,0.512422282
6814,3.132936107
6815,7.88861862
6816,0.366975935
6817,-0.189555642
6818,10.61510529
6819,18.35909475
6820,0.028818165
6821,-1.698592797
6822,6.55715093
6823,21.4824037
6824,8.574155172
6825,6.09466611
6826,18.48274904
6827,0.999968119
6828,8.395579426
6829,1.418887692
6830,51.77950899
6831,7.726185454
6832,1.572555116
6833,5.8858585
6834,7.731818142
6835,5.353941677
6836,5.678737777
6837,8.222456356
6838,8.406607623
6839,20.74837131
6840,8.983630346
6841,9.075524365
6842,5.379873108
6843,4.185734101
6844,3.489832245
6845,13.70111125
6846,4.867838593
6847,5.183719712
6848,4.002836134
6849,10.25852751
6850,10.04545206
6851,3.732234893
6852,14.55244385
6853,3.718772718
6854,2.504760355
6855,38.86904277
6856,7.368393497
6857,-0.416205122
6858,3.43781139
6859,0.951171828
6860,13.93028868
6861,1.977636485
6862,28.82955731
6863,3.578492134
6864,15.00566333
6865,3.236060801
6866,5.212233633
6867,18.35996606
6868,1.347309923
6869,8.49989397
6870,4.902451898
6871,6.420533906
6872,13.3999593
6873,4.704773018
6874,13.50953168
6875,11.31565924
6876,5.51519324
6877,3.228663454
6878,7.478507652
6879,0.87931088
6880,2.830432582
6881,8.544800779
6882,5.181513711
6883,15.37922707
6884,11.25960189
6885,16.6504401
6886,3.663834924
6887,4.016753613
6888,44.0835669
6889,4.64020814
6890,0.71079621
6891,2.610626714
6892,2.246352927
6893,13.62280734
6894,9.052855093
6895,2.994048248
6896,1.118159894
6897,5.053091507
6898,9.494718891
6899,0.976285802
6900,35.18885433
6901,5.547911694
6902,3.25345769
6903,5.662256724
6904,20.23169551
6905,1.076135303
6906,1.318075022
6907,3.397010841
6908,1.436484415
6909,12.12296488
6910,23.22024347
6911,19.38590598
6912,4.517808375
6913,8.573855976
6914,6.986234943
6915,9.624891114
6916,2.743176222
6917,-0.575510398
6918,9.823671432
6919,10.16583463
6920,4.824846215
6921,4.264686325
6922,22.93100422
6923,29.80085077
6924,7.731084786
6925,-0.930798639
6926,24.27198369
6927,6.197910701
6928,2.037368041
6929,1.254921394
6930,6.961622715
6931,50.28473862
6932,2.743563446
6933,0.140671826
6934,-1.541233682
6935,6.183477756
6936,8.32420377
6937,5.196666386
6938,5.011920429
6939,5.064105641
6940,8.641999206
6941,4.934695485
6942,3.437734982
6943,5.041323332
6944,7.038737113
6945,2.814056963
6946,6.840444008
6947,8.374683095
6948,6.251850794
6949,9.29574476
6950,11.84334613
6951,33.39255389
6952,7.165247786
6953,0.678593921
6954,12.10883139
6955,8.23894237
6956,8.638427038
6957,9.743293724
6958,8.659421633
6959,4.12038641
6960,3.648484143
6961,-1.067983756
6962,0.584863908
6963,5.078040384
6964,20.68143225
6965,0.206100865
6966,5.538658027
6967,3.181768735
6968,11.71730976
6969,7.719676168
6970,5.609905138
6971,10.19586126
6972,13.60015678
6973,14.2660986
6974,14.34498011
6975,5.851876236
6976,14.21447333
6977,24.2517591
6978,-0.443673351
6979,3.053013211
6980,16.52833331
6981,34.94592011
6982,13.4540153
6983,5.433867474
6984,11.47211819
6985,14.4320932
6986,12.623146
6987,16.86398877
6988,-0.911142327
6989,1.453049041
6990,8.082108014
6991,4.742739565
6992,8.657672169
6993,6.957207975
6994,7.839083961
6995,0.070381514
6996,2.25823338
6997,18.06298368
6998,-3.429087735
6999,8.853931281
7000,6.756296139
7001,1.398226201
7002,1.170629929
7003,5.755633462
7004,7.585101907
7005,5.729807341
7006,13.80580896
7007,6.44660181
7008,5.481091541
7009,4.662885701
7010,5.702588749
7011,1.397929572
7012,6.372894346
7013,3.858866266
7014,13.32181335
7015,6.614065797
7016,0.867401259
7017,21.05640969
7018,4.508906706
7019,4.863318136
7020,-0.038688227
7021,-0.048999697
7022,3.436653717
7023,14.37672215
7024,27.00878069
7025,-1.273990604
7026,11.64313523
7027,10.83848193
7028,2.060830883
7029,9.077683791
7030,11.47056503
7031,7.228838259
7032,10.38748736
7033,11.26773073
7034,0.667387507
7035,6.925773122
7036,7.726177413
7037,10.11431301
7038,2.326677156
7039,1.561220615
7040,9.088746048
7041,4.362130248
7042,9.987632921
7043,10.31398946
7044,6.077037655
7045,10.03594892
7046,-0.150700565
7047,1.864372649
7048,30.40701438
7049,14.36194772
7050,2.649046802
7051,12.63823224
7052,1.374647847
7053,16.59448336
7054,2.885760955
7055,7.110141856
7056,8.823843099
7057,8.146319714
7058,1.296672893
7059,24.71058789
7060,8.577999118
7061,3.025705142
7062,10.86651575
7063,27.8316288
7064,9.577095787
7065,7.242093734
7066,-0.093088768
7067,9.880387064
7068,36.60995513
7069,6.755171912
7070,1.595930893
7071,6.04013464
7072,12.4894772
7073,0.548105892
7074,7.139080383
7075,1.783148545
7076,12.0829547
7077,3.458147411
7078,13.95926266
7079,6.894709522
7080,4.765727744
7081,5.804766051
7082,6.056671248
7083,10.68035159
7084,7.763861467
7085,15.89664859
7086,3.873467494
7087,5.192694274
7088,6.188287701
7089,4.183815764
7090,2.732331324
7091,8.613498891
7092,5.267824633
7093,5.651315398
7094,-0.096758434
7095,7.117847142
7096,11.98105687
7097,5.912872143
7098,7.174550963
7099,1.165812449
7100,-0.156952656
7101,1.832162631
7102,1.894900023
7103,-2.752079859
7104,20.43723718
7105,9.216162536
7106,14.95398998
7107,9.821607115
7108,4.609685577
7109,10.36435033
7110,16.11659218
7111,0.104750191
7112,5.75366186
7113,7.14324311
7114,7.670149415
7115,-0.368298589
7116,15.25680476
7117,12.3422011
7118,1.666241799
7119,6.915987261
7120,5.794110212
7121,21.55219852
7122,2.549469437
7123,6.233047252
7124,7.48758867
7125,39.60930408
7126,11.23932177
7127,2.753334867
7128,16.0253337
7129,28.12648472
7130,5.642074344
7131,-1.084481085
7132,12.55663521
7133,-2.305875108
7134,5.704163215
7135,7.5682246
7136,1.665970618
7137,6.88369633
7138,13.94365664
7139,18.59157929
7140,3.764997138
7141,5.006358602
7142,4.919778832
7143,3.872986864
7144,7.107284
7145,2.057821711
7146,17.83364507
7147,16.41588463
7148,1.939925475
7149,17.67560611
7150,0.708175374
7151,8.500245749
7152,5.541973201
7153,4.492429768
7154,2.596555061
7155,17.80479043
7156,9.209355456
7157,1.066906368
7158,6.772968002
7159,5.587918542
7160,0.902751082
7161,17.03276434
7162,10.10746253
7163,10.23260536
7164,3.943963648
7165,2.206011016
7166,9.5126831
7167,6.18422977
7168,3.332134115
7169,1.538471723
7170,4.368234743
7171,10.5631864
7172,-0.519343145
7173,1.727551703
7174,3.446770001
7175,14.05715757
7176,1.728102991
7177,2.446108857
7178,26.06947224
7179,12.09709266
7180,1.861353902
7181,0.60822707
7182,22.98155521
7183,2.114562165
7184,3.762482109
7185,7.053104563
7186,1.481298058
7187,6.878761178
7188,8.105955122
7189,14.55652121
7190,1.888222838
7191,4.097923403
7192,4.110289445
7193,-1.65165859
7194,13.16840942
7195,25.45917012
7196,4.236291988
7197,11.72803625
7198,29.47287587
7199,26.14686973
7200,6.732576396
7201,11.658584
7202,3.078222616
7203,15.26135659
7204,1.487579345
7205,9.187985707
7206,4.999817234
7207,9.024961849
7208,13.13003244
7209,16.44812799
7210,2.496175573
7211,3.629619111
7212,9.939626262
7213,7.170549055
7214,29.47239578
7215,3.32211026
7216,6.352527074
7217,4.198001161
7218,12.37854615
7219,1.621381303
7220,5.195693783
7221,12.72874838
7222,12.3830985
7223,-1.189342857
7224,10.43830932
7225,9.086786864
7226,3.61247451
7227,6.212483356
7228,5.788108669
7229,-2.659341498
7230,-0.708900595
7231,0.566348544
7232,13.30306694
7233,17.51861128
7234,-0.933233269
7235,22.84200248
7236,17.57800988
7237,17.15262021
7238,9.662589237
7239,13.79701942
7240,3.69837134
7241,9.94180047
7242,6.614477265
7243,15.62943849
7244,2.621841722
7245,5.75224505
7246,3.102487633
7247,4.773714634
7248,14.88264435
7249,4.090786869
7250,3.622831077
7251,14.15634433
7252,11.70767743
7253,31.43623239
7254,4.377783374
7255,6.838318985
7256,8.7558839
7257,9.099130126
7258,0.41152295
7259,11.25593414
7260,2.209075724
7261,3.784769001
7262,2.612739102
7263,8.765060396
7264,4.045458601
7265,4.382321971
7266,8.075696649
7267,12.82729821
7268,11.42182451
7269,3.624846116
7270,6.693170132
7271,6.942397393
7272,4.300855431
7273,4.392523135
7274,4.331202496
7275,4.579560664
7276,3.367257183
7277,62.21277253
7278,3.051603977
7279,5.58164906
7280,9.264799824
7281,4.542972768
7282,12.39252259
7283,10.57097827
7284,0.291571044
7285,2.873612988
7286,1.290386493
7287,6.455315944
7288,3.563273802
7289,-0.559522198
7290,10.56860691
7291,6.040030414
7292,0.947603812
7293,-1.698147678
7294,-0.790080091
7295,6.195473431
7296,2.447667876
7297,17.41371413
7298,6.973899677
7299,21.87202298
7300,15.00461929
7301,9.690209808
7302,27.19332602
7303,6.483092648
7304,8.316907765
7305,6.146162724
7306,10.64257659
7307,5.997552576
7308,6.022009915
7309,2.625646706
7310,6.388266012
7311,3.357970977
7312,1.307709892
7313,0.391531634
7314,15.38928355
7315,19.14689524
7316,9.711021518
7317,3.498381123
7318,13.13133891
7319,0.111201378
7320,0.624950528
7321,1.298809667
7322,10.68327703
7323,14.19073305
7324,18.24890527
7325,2.673526394
7326,9.956191726
7327,11.61108671
7328,4.758218888
7329,6.982686585
7330,1.395953195
7331,10.55401503
7332,13.69253343
7333,10.09586432
7334,6.834195494
7335,2.02031194
7336,8.162367251
7337,5.860885081
7338,6.1089638
7339,17.20871744
7340,25.42924251
7341,3.961138563
7342,3.311113076
7343,2.269104981
7344,1.911771783
7345,1.693635695
7346,14.93702478
7347,4.452271053
7348,11.74965201
7349,18.97524674
7350,11.21243239
7351,2.84973821
7352,21.42001339
7353,10.52639988
7354,5.631275167
7355,10.73506114
7356,14.18512123
7357,15.8724751
7358,13.0924981
7359,4.423572767
7360,7.729603326
7361,4.853561157
7362,3.276156411
7363,4.646314691
7364,16.51518425
7365,28.00606113
7366,5.295719223
7367,6.904971858
7368,12.41117019
7369,6.832238446
7370,7.874038649
7371,23.63324509
7372,12.94772635
7373,7.01664628
7374,10.0863436
7375,8.456802909
7376,3.853332801
7377,31.19540448
7378,2.992505075
7379,4.673420689
7380,9.93214396
7381,18.10528706
7382,7.75806306
7383,8.528645405
7384,16.60873237
7385,5.954552707
7386,10.00558681
7387,24.80202397
7388,7.200590275
7389,10.4507978
7390,11.18850173
7391,-0.643560442
7392,2.507345804
7393,3.598644474
7394,15.4711729
7395,2.073789331
7396,-1.674376835
7397,9.588156116
7398,4.817676309
7399,10.87321344
7400,8.96038438
7401,7.659232578
7402,5.445118383
7403,19.40015886
7404,12.40744773
7405,13.76951362
7406,9.220761226
7407,9.332022722
7408,12.28761579
7409,1.118457303
7410,10.66694818
7411,3.577989793
7412,11.83151651
7413,4.177144113
7414,-0.010420577
7415,10.66861127
7416,2.467876797
7417,15.67145318
7418,5.673361051
7419,8.441833812
7420,1.759471237
7421,2.016947755
7422,-0.603467233
7423,5.438472817
7424,9.282370368
7425,3.301303722
7426,6.309629089
7427,3.096076751
7428,-0.061437356
7429,3.826679148
7430,5.53220875
7431,2.509974332
7432,4.886372907
7433,1.186127052
7434,5.857414462
7435,11.59696201
7436,3.894174245
7437,28.51056758
7438,22.97452096
7439,9.919540435
7440,1.353245795
7441,4.990250453
7442,2.098989424
7443,5.335784656
7444,17.10466048
7445,9.082649104
7446,0.160227669
7447,0.534194685
7448,3.814538401
7449,12.80970097
7450,4.448352411
7451,11.91061099
7452,10.20097776
7453,3.402719836
7454,9.866137894
7455,5.450028972
7456,12.76495849
7457,8.740129132
7458,16.19180985
7459,14.28993221
7460,10.65098604
7461,4.210105785
7462,13.6912864
7463,0.404313822
7464,2.121515773
7465,4.562837419
7466,0.105040883
7467,3.882693192
7468,8.673357355
7469,11.5820873
7470,9.172638321
7471,8.096221197
7472,5.250761271
7473,5.433282501
7474,4.872411598
7475,16.66022377
7476,2.142771035
7477,11.14736506
7478,1.89777199
7479,8.283263538
7480,11.26137289
7481,8.171392482
7482,43.50850089
7483,24.80442582
7484,6.362308812
7485,7.853673419
7486,4.185592086
7487,8.443321106
7488,5.080078148
7489,13.90621647
7490,2.93157839
7491,2.816551551
7492,-0.797244764
7493,8.33769751
7494,7.052127892
7495,1.795319138
7496,-1.507232875
7497,15.91595372
7498,11.8045317
7499,13.05292334
7500,11.0512849
7501,13.69210447
7502,7.728462552
7503,3.202636128
7504,6.368313431
7505,8.242263681
7506,2.648550552
7507,9.101051149
7508,6.515011148
7509,5.853398134
7510,27.78069561
7511,8.760399739
7512,5.288679796
7513,2.615027727
7514,6.641794835
7515,14.16776265
7516,9.264420325
7517,4.673204084
7518,8.756904742
7519,9.705587484
7520,3.260433357
7521,6.448277461
7522,2.386511943
7523,16.07364028
7524,28.35049309
7525,12.40534024
7526,32.55558317
7527,7.891912855
7528,2.917984556
7529,2.21158994
7530,9.168887395
7531,17.33289256
7532,5.966134951
7533,2.820018183
7534,25.03569214
7535,12.69944992
7536,14.9684795
7537,4.228716397
7538,3.824057568
7539,3.364160163
7540,7.163879813
7541,3.410557021
7542,10.02725986
7543,13.64070651
7544,4.930123877
7545,7.116914704
7546,5.174719927
7547,9.712072581
7548,13.43214868
7549,7.550118407
7550,14.02504187
7551,3.394467029
7552,2.806809205
7553,9.398322459
7554,17.64716442
7555,5.99075976
7556,1.114044115
7557,10.86474245
7558,2.806230923
7559,7.077599047
7560,8.087116216
7561,0.50639328
7562,7.652436589
7563,2.72220102
7564,11.43509093
7565,7.352065129
7566,1.373951553
7567,4.195052656
7568,5.386177261
7569,3.393747861
7570,-0.624346191
7571,2.33717834
7572,8.207435697
7573,23.45983711
7574,8.227673068
7575,6.15608791
7576,39.21521283
7577,7.982503842
7578,1.569030613
7579,7.406543431
7580,24.52922805
7581,7.089851248
7582,7.563993306
7583,3.996457027
7584,7.180301342
7585,6.647128033
7586,16.5450172
7587,8.172270659
7588,25.59198074
7589,5.687911416
7590,4.382126629
7591,11.40538832
7592,14.49420213
7593,-0.565218251
7594,0.833511706
7595,-0.243452569
7596,-3.600808547
7597,4.403116357
7598,-2.150893341
7599,4.805922184
7600,4.425566185
7601,11.29630298
7602,2.215115282
7603,12.38891573
7604,3.762477108
7605,9.225354991
7606,5.300518474
7607,3.288542994
7608,17.83178594
7609,15.56399376
7610,10.94837538
7611,18.02842836
7612,6.628045991
7613,18.63760597
7614,9.037757338
7615,12.55009007
7616,2.046298799
7617,4.080059981
7618,0.929990498
7619,0.678576411
7620,1.90095254
7621,9.062262851
7622,17.4275695
7623,8.832212805
7624,12.91344929
7625,7.643056498
7626,19.69858332
7627,4.739500608
7628,3.737003225
7629,13.40596755
7630,7.182237916
7631,2.215781718
7632,7.824980229
7633,12.94412943
7634,6.45159312
7635,5.896057317
7636,5.914195348
7637,8.688362165
7638,2.063135167
7639,5.744111351
7640,8.667022335
7641,5.307130892
7642,12.44733229
7643,2.076072444
7644,14.74110267
7645,6.510027788
7646,6.728585029
7647,4.190841717
7648,2.746319656
7649,10.54599486
7650,21.53866144
7651,37.42889676
7652,0.626483538
7653,8.172676624
7654,4.846348229
7655,4.901755095
7656,4.017566573
7657,4.645356419
7658,17.62307694
7659,12.48711311
7660,25.85916921
7661,1.627364208
7662,3.78961446
7663,2.676929518
7664,3.737815403
7665,11.4432975
7666,10.27950624
7667,12.05124366
7668,2.986621191
7669,18.12234945
7670,6.745133699
7671,13.08440211
7672,14.15749603
7673,3.866869335
7674,9.706064606
7675,2.810570863
7676,3.503007356
7677,3.818487195
7678,7.093302335
7679,2.649607619
7680,3.465503077
7681,1.42052056
7682,-0.360376928
7683,7.905904387
7684,14.71015199
7685,2.930778059
7686,22.98942998
7687,8.288475913
7688,9.324004234
7689,4.520128601
7690,10.720733
7691,7.491279023
7692,14.37130137
7693,8.829130233
7694,8.297583719
7695,8.556849258
7696,47.3637741
7697,-1.111728029
7698,10.81708604
7699,3.831196034
7700,16.77833946
7701,8.726459407
7702,9.010608605
7703,1.318565487
7704,16.08830192
7705,5.577573447
7706,26.20077479
7707,5.507611781
7708,15.56879222
7709,7.01998095
7710,6.42742351
7711,12.51544479
7712,6.394796909
7713,17.740668
7714,2.222141807
7715,-0.016531183
7716,2.585985442
7717,6.825087196
7718,0.607518229
7719,10.87274689
7720,0.863827055
7721,3.948196928
7722,3.102450277
7723,15.49159476
7724,-1.486898525
7725,4.877570254
7726,8.650595729
7727,9.643446305
7728,2.115625078
7729,12.5451292
7730,12.21051347
7731,6.117055125
7732,8.481237025
7733,1.608451822
7734,4.852855129
7735,8.230686226
7736,8.429907385
7737,19.88470584
7738,2.422562062
7739,0.014267761
7740,39.29014247
7741,14.74992657
7742,14.42066109
7743,4.055126383
7744,6.614432682
7745,-1.342482365
7746,14.2444505
7747,8.748353721
7748,2.458859942
7749,24.51282863
7750,1.500434001
7751,9.359395722
7752,17.89883354
7753,20.93852515
7754,2.843041784
7755,1.578772033
7756,8.176542664
7757,8.017638928
7758,5.26220763
7759,6.878071677
7760,14.04602986
7761,5.309034351
7762,4.256212666
7763,10.01884704
7764,2.558878817
7765,11.32805351
7766,5.573133017
7767,1.929804665
7768,9.600923702
7769,18.44421663
7770,10.14195851
7771,13.90571273
7772,10.78089846
7773,15.87989768
7774,4.164686525
7775,13.98963351
7776,-0.957051195
7777,8.296397308
7778,8.354750927
7779,6.283626306
7780,5.203987721
7781,7.156084
7782,2.614305497
7783,22.63279994
7784,13.0993617
7785,1.660513826
7786,11.41704786
7787,16.4496094
7788,25.71344865
7789,9.333880517
7790,5.005073711
7791,7.461963101
7792,2.373588688
7793,1.322959269
7794,8.843689809
7795,5.101925552
7796,5.833182022
7797,-0.343144754
7798,6.961817012
7799,21.22927584
7800,9.250115247
7801,4.546902136
7802,0.241032586
7803,-0.101182056
7804,20.40238802
7805,2.058624984
7806,3.67259578
7807,0.115946398
7808,11.57120567
7809,10.58148612
7810,15.26641878
7811,4.41083019
7812,6.401538057
7813,8.870423656
7814,0.141569835
7815,8.800070665
7816,12.46620145
7817,3.801780257
7818,11.34171691
7819,9.320558771
7820,0.740292985
7821,17.3639204
7822,16.33257666
7823,24.01976676
7824,12.29415993
7825,4.168478213
7826,-0.827138495
7827,4.686708065
7828,6.83382655
7829,6.74701979
7830,7.777400128
7831,3.693501919
7832,6.665724874
7833,4.572857081
7834,3.82319693
7835,5.903810071
7836,12.29335712
7837,1.877131811
7838,1.626481573
7839,-0.485892377
7840,7.568312166
7841,17.73981848
7842,15.21810979
7843,2.797839167
7844,1.55221899
7845,6.217722389
7846,7.176854674
7847,2.745391849
7848,4.826763839
7849,5.619412928
7850,4.949372602
7851,16.90949489
7852,4.301057734
7853,7.866878613
7854,5.911810615
7855,2.100133367
7856,5.736398105
7857,4.970492738
7858,-0.039220604
7859,13.64356884
7860,3.5548268
7861,3.843237368
7862,4.326380858
7863,0.36841556
7864,21.54388199
7865,1.776426005
7866,-1.562454954
7867,6.96153185
7868,8.581654598
7869,14.15374786
7870,22.18105199
7871,18.57702052
7872,25.42089519
7873,21.84301382
7874,15.63641404
7875,3.702809747
7876,8.27591423
7877,5.475520665
7878,11.18619487
7879,-1.095960384
7880,5.637198206
7881,21.28704773
7882,7.358433828
7883,6.158320069
7884,10.42249241
7885,2.999211823
7886,1.72317234
7887,7.067448336
7888,4.43010617
7889,15.8429673
7890,8.788930578
7891,9.755181414
7892,14.74297861
7893,8.539547029
7894,2.08818841
7895,19.62199555
7896,11.89102823
7897,3.00093063
7898,3.983732562
7899,9.734120766
7900,16.75977433
7901,13.06165761
7902,9.536944536
7903,12.79851255
7904,14.79850605
7905,5.080315034
7906,8.913804961
7907,4.246187698
7908,1.60703289
7909,15.60744013
7910,7.288473559
7911,6.506750842
7912,18.45679925
7913,10.19316515
7914,6.205941364
7915,14.85362198
7916,10.78551473
7917,4.332042087
7918,24.19270059
7919,-1.595267042
7920,5.789651042
7921,1.014265841
7922,3.527977882
7923,10.58455543
7924,14.71563941
7925,9.098157879
7926,19.83165138
7927,12.68189677
7928,8.171334837
7929,4.948892478
7930,1.307725365
7931,12.66614625
7932,9.51592844
7933,1.212582711
7934,6.561503826
7935,3.274950427
7936,4.176365619
7937,9.688887582
7938,4.861969655
7939,34.21645109
7940,8.974669404
7941,11.39925626
7942,9.83644846
7943,5.199408237
7944,5.933991549
7945,0.291808512
7946,13.72495334
7947,6.255668705
7948,2.791159546
7949,2.44557342
7950,9.551871757
7951,26.73458461
7952,11.082142
7953,12.99152401
7954,4.837992987
7955,12.15323344
7956,13.29131179
7957,9.526437767
7958,14.14616661
7959,35.77139396
7960,-2.381637986
7961,4.922682902
7962,16.72925379
7963,3.97713248
7964,1.305954883
7965,2.886010753
7966,8.719728611
7967,0.714182541
7968,11.90056185
7969,4.130569423
7970,17.53694559
7971,3.281053482
7972,3.400627695
7973,9.235519624
7974,22.92120211
7975,4.733270458
7976,-0.358011109
7977,2.787990436
7978,7.771672505
7979,12.52442064
7980,7.050522923
7981,4.317494748
7982,8.936313107
7983,2.679293217
7984,2.777232518
7985,22.08659762
7986,3.586947818
7987,5.719278166
7988,20.03809017
7989,7.763122466
7990,10.03975736
7991,2.264065275
7992,3.848142571
7993,20.16686919
7994,4.129459321
7995,0.075698573
7996,8.571661939
7997,-1.449789912
7998,1.712069376
7999,9.778107665
8000,22.95724314
8001,-0.573240441
8002,5.720858444
8003,2.347459331
8004,9.792754234
8005,8.347170416
8006,10.03502082
8007,8.492998523
8008,4.586660128
8009,9.384046979
8010,5.968131496
8011,3.721925461
8012,-0.422835092
8013,11.60150862
8014,4.338893625
8015,-0.802849883
8016,22.44774686
8017,33.55420941
8018,12.16813162
8019,11.1999498
8020,14.47439146
8021,0.848661857
8022,3.984007177
8023,2.675114431
8024,2.87179841
8025,-0.475315432
8026,9.431558239
8027,9.030466036
8028,2.871584948
8029,11.47941255
8030,6.42171978
8031,6.681020794
8032,0.063251222
8033,5.104212013
8034,17.2520173
8035,13.33116655
8036,6.552018416
8037,2.417869631
8038,5.854920177
8039,12.31627484
8040,10.67762046
8041,33.86396697
8042,-0.732040465
8043,0.258066596
8044,9.520990944
8045,15.24461275
8046,23.26074805
8047,1.782566229
8048,20.73772539
8049,6.873056515
8050,15.15844726
8051,15.06443769
8052,18.08686255
8053,0.438878219
8054,4.793976907
8055,5.900142902
8056,9.901567463
8057,4.360172552
8058,13.88014866
8059,1.798942922
8060,2.544447763
8061,1.884207419
8062,5.868422251
8063,1.767290671
8064,3.394240101
8065,30.50624588
8066,1.96439588
8067,16.23317721
8068,6.649187541
8069,5.933706744
8070,12.27361539
8071,5.159578448
8072,0.936291282
8073,29.39651178
8074,10.84144619
8075,9.415965942
8076,6.976683883
8077,-0.237583253
8078,12.7303979
8079,10.09821181
8080,6.76043177
8081,13.03167178
8082,5.826166951
8083,5.804751099
8084,18.65784986
8085,16.92238262
8086,1.980911728
8087,8.448259971
8088,17.30136895
8089,2.886562889
8090,8.676049999
8091,1.367237778
8092,9.769205578
8093,2.270314507
8094,4.685791799
8095,27.50334054
8096,14.0083785
8097,8.615241657
8098,6.123492364
8099,16.46571063
8100,4.91513291
8101,0.925437643
8102,3.094960039
8103,4.186179153
8104,9.966413907
8105,0.945418883
8106,6.891088309
8107,5.193939511
8108,2.76644206
8109,5.766199293
8110,2.834428147
8111,11.87952804
8112,4.058212098
8113,22.85595647
8114,10.06680149
8115,4.672557564
8116,6.972284366
8117,-2.436259031
8118,9.202623057
8119,4.985474552
8120,24.50623137
8121,6.864655926
8122,4.893023255
8123,3.642876425
8124,16.94527108
8125,8.113976544
8126,4.366372978
8127,20.51454563
8128,2.305061658
8129,3.735730915
8130,31.05198542
8131,0.725558558
8132,23.54343476
8133,4.749564545
8134,-0.85283409
8135,3.97730491
8136,24.59986639
8137,17.62214123
8138,2.298298498
8139,2.790477801
8140,3.009759787
8141,-0.014807856
8142,1.643844191
8143,2.589172563
8144,4.77477111
8145,19.03396298
8146,12.12777113
8147,21.1036351
8148,4.391673487
8149,10.4876749
8150,10.98579643
8151,0.84114152
8152,14.67696167
8153,5.094447783
8154,4.480201428
8155,30.92938515
8156,8.205539114
8157,14.84650989
8158,11.20052747
8159,0.958024663
8160,22.03673296
8161,8.501167347
8162,3.844250568
8163,2.163432593
8164,5.417862912
8165,1.18703593
8166,1.657466192
8167,30.06253521
8168,12.43860505
8169,6.45817702
8170,4.890628336
8171,24.51922782
8172,1.23577753
8173,7.945990706
8174,0.413137534
8175,3.416370465
8176,11.94290695
8177,12.11888076
8178,15.48046469
8179,9.323967395
8180,10.79553225
8181,3.851269943
8182,9.911164657
8183,8.973948115
8184,9.541444005
8185,6.421546472
8186,21.13117641
8187,9.269596651
8188,15.50548299
8189,4.921571394
8190,-0.386916846
8191,38.65303484
8192,5.954211978
8193,12.88496083
8194,4.243954278
8195,10.40558551
8196,7.350492149
8197,5.906465781
8198,2.089321737
8199,13.93475618
8200,10.38179998
8201,5.815798705
8202,12.93572143
8203,3.365013606
8204,19.28976219
8205,7.638691474
8206,2.492576429
8207,5.1862675
8208,3.133796538
8209,0.821669865
8210,1.661588994
8211,7.396549093
8212,10.13248925
8213,23.85119793
8214,20.01920605
8215,9.581369538
8216,6.553317792
8217,7.450790585
8218,20.73068279
8219,10.6889202
8220,10.31411316
8221,12.22807943
8222,4.999290251
8223,6.469672693
8224,5.490052119
8225,3.314037611
8226,-2.656162998
8227,12.49626543
8228,12.08227545
8229,10.20240895
8230,2.89329066
8231,6.183428674
8232,15.29550657
8233,12.77226754
8234,17.21197835
8235,7.041075619
8236,4.783691077
8237,6.034946806
8238,15.91088069
8239,14.11363298
8240,3.919152936
8241,3.268131192
8242,6.920763215
8243,12.63539733
8244,6.554079835
8245,3.875008427
8246,9.153442735
8247,4.19394976
8248,23.2301556
8249,10.64787737
8250,7.516317229
8251,5.504207438
8252,0.043703079
8253,7.154824663
8254,10.2010761
8255,6.083389297
8256,5.745752983
8257,7.620350805
8258,6.436558587
8259,20.72519142
8260,18.42400198
8261,20.02042047
8262,22.97785649
8263,10.96505907
8264,8.064796496
8265,10.88507193
8266,5.094500556
8267,9.775834853
8268,1.614350953
8269,5.141727921
8270,4.142930952
8271,17.65419839
8272,13.12393009
8273,27.7799444
8274,4.395414775
8275,1.130945126
8276,4.885990488
8277,9.263066187
8278,3.285909599
8279,7.083759715
8280,4.944158972
8281,0.406407951
8282,8.807231178
8283,6.078791142
8284,8.67817794
8285,18.92655886
8286,16.87666149
8287,9.996461421
8288,68.21811868
8289,2.789951101
8290,9.715093701
8291,10.96781568
8292,2.204466343
8293,7.317416733
8294,7.548744854
8295,5.268473526
8296,12.4699839
8297,8.841203112
8298,7.172667266
8299,6.644974531
8300,2.103407822
8301,5.315359283
8302,4.408318964
8303,10.79396765
8304,13.25275405
8305,4.020531411
8306,7.995831809
8307,-0.533535171
8308,3.114227636
8309,7.280741564
8310,4.387619205
8311,2.918820066
8312,1.723458292
8313,20.14259678
8314,21.66373227
8315,5.542288444
8316,9.076294571
8317,9.21719192
8318,1.590150213
8319,6.294973907
8320,1.223051839
8321,10.53164478
8322,7.466260269
8323,3.415249594
8324,8.153128552
8325,9.572257752
8326,11.3722778
8327,9.733577158
8328,10.00398312
8329,4.470907053
8330,-1.388673675
8331,6.268326561
8332,4.067670649
8333,4.479576483
8334,8.972497072
8335,12.05961691
8336,7.77678239
8337,2.88916763
8338,0.472012391
8339,2.801030567
8340,15.28942623
8341,21.18318217
8342,6.56925106
8343,9.569251349
8344,4.991190524
8345,12.69177354
8346,9.126659447
8347,13.75812647
8348,1.876419512
8349,2.666866982
8350,7.721162746
8351,8.914120482
8352,4.179604452
8353,8.120717588
8354,6.4770887
8355,1.566161517
8356,9.683401886
8357,0.271569655
8358,1.503870542
8359,2.485731151
8360,-0.396735641
8361,6.762590154
8362,14.38016452
8363,9.076810788
8364,10.3726818
8365,30.7425751
8366,0.445460613
8367,6.951502258
8368,4.867555844
8369,14.23866777
8370,13.84922761
8371,1.326179242
8372,9.377997335
8373,0.333276356
8374,1.551305875
8375,15.03164913
8376,11.12778989
8377,21.32460876
8378,14.62848525
8379,5.445813777
8380,2.605409346
8381,9.728653201
8382,0.715321102
8383,4.306528853
8384,6.944355401
8385,3.480433965
8386,18.94501295
8387,8.13548211
8388,1.337816295
8389,4.638098969
8390,5.29695674
8391,15.05314966
8392,16.55866886
8393,4.957101368
8394,1.336746469
8395,6.957433811
8396,3.381431682
8397,13.74158275
8398,9.571381931
8399,2.612052205
8400,8.931328515
8401,0.067662749
8402,8.923253965
8403,-0.750261108
8404,5.765481354
8405,7.71218171
8406,8.509515609
8407,1.08455189
8408,3.496237054
8409,15.06028552
8410,22.32759564
8411,6.757894504
8412,0.197791168
8413,1.823385715
8414,14.13815387
8415,17.51403264
8416,4.706987222
8417,32.61275833
8418,4.955943738
8419,13.14444926
8420,0.131523915
8421,5.536721209
8422,6.012235063
8423,12.16207412
8424,8.316859374
8425,5.552324865
8426,6.918849932
8427,3.919544523
8428,-0.602217436
8429,6.204683072
8430,8.154859021
8431,12.68485176
8432,-0.95274558
8433,-0.231019536
8434,5.13740537
8435,13.96716355
8436,4.073708309
8437,23.36657082
8438,1.594667416
8439,3.183771739
8440,1.675872509
8441,3.96569384
8442,2.747923204
8443,10.08475276
8444,19.59238823
8445,4.183310488
8446,3.165723932
8447,2.735762849
8448,4.068615612
8449,10.45515619
8450,35.87090578
8451,4.027136839
8452,11.30081517
8453,3.686930785
8454,6.359089745
8455,2.907161881
8456,4.095926293
8457,16.31897043
8458,8.445675628
8459,19.38403207
8460,5.442969693
8461,4.716761603
8462,30.89291879
8463,2.962911296
8464,2.866117677
8465,-0.389041813
8466,8.021907922
8467,10.94746313
8468,8.223865921
8469,3.086455688
8470,4.143659723
8471,0.231941332
8472,14.63914219
8473,9.76647235
8474,9.97822271
8475,3.28028807
8476,4.47175205
8477,10.47591891
8478,6.163051111
8479,9.937794157
8480,6.814802082
8481,9.421587441
8482,1.609677481
8483,2.663775961
8484,4.87050226
8485,13.95407962
8486,4.344090422
8487,5.861757557
8488,4.429748534
8489,2.869604044
8490,5.969452547
8491,5.297859177
8492,27.92248333
8493,10.77413801
8494,8.267311152
8495,12.18704114
8496,8.232333496
8497,12.44195324
8498,3.434729993
8499,0.090389397
8500,3.535914485
8501,8.027984565
8502,27.35273633
8503,11.10813872
8504,9.246205982
8505,11.89123082
8506,16.06174481
8507,27.2682085
8508,7.927018177
8509,8.368014947
8510,8.910627001
8511,15.01538141
8512,12.59947341
8513,9.626249001
8514,8.070720621
8515,1.373237848
8516,40.4516714
8517,5.914199287
8518,4.789363172
8519,7.486534772
8520,6.214273728
8521,5.580506308
8522,17.40107923
8523,11.72031634
8524,3.019006203
8525,6.161301918
8526,2.29482036
8527,2.454213044
8528,5.17542906
8529,2.237571667
8530,3.631290023
8531,11.07438006
8532,-0.815606856
8533,13.21953343
8534,19.40136113
8535,34.57594226
8536,6.466385222
8537,-2.665747132
8538,8.233761152
8539,6.571586423
8540,6.430039079
8541,9.62043051
8542,12.22779125
8543,9.44262176
8544,10.8857908
8545,7.851346876
8546,3.980977428
8547,2.880218492
8548,12.0000515
8549,12.45761553
8550,1.707405656
8551,5.055962647
8552,15.61365277
8553,1.250302644
8554,10.32606816
8555,2.189705199
8556,4.771671847
8557,10.9208319
8558,-2.575764838
8559,9.454743769
8560,7.605967552
8561,5.236205406
8562,1.657958
8563,1.056394316
8564,-2.132496461
8565,2.696371649
8566,5.420866058
8567,5.90208602
8568,5.946630767
8569,1.102609079
8570,52.92371156
8571,5.915780351
8572,9.505070132
8573,8.484100227
8574,11.35415739
8575,8.828913041
8576,8.495293517
8577,4.441360358
8578,18.44742314
8579,10.17520123
8580,2.664189576
8581,6.418602037
8582,17.18403626
8583,14.13763462
8584,2.590789321
8585,17.11341756
8586,12.26215126
8587,7.854359247
8588,6.18027549
8589,5.009276721
8590,0.428989848
8591,8.62982558
8592,12.24252868
8593,9.120390759
8594,28.84286108
8595,3.318720431
8596,-1.399298754
8597,5.918431062
8598,1.411787442
8599,2.638557227
8600,7.49964792
8601,4.441746088
8602,16.4909302
8603,7.514986614
8604,2.459639277
8605,7.944530499
8606,7.879695059
8607,47.1797351
8608,7.578238309
8609,4.8751955
8610,-1.235359765
8611,-0.65774459
8612,8.179987314
8613,4.621379336
8614,27.58023983
8615,5.029545434
8616,3.356551763
8617,1.162554849
8618,3.708254019
8619,4.748547157
8620,1.175346125
8621,7.674091615
8622,5.484910005
8623,7.607577858
8624,11.88908609
8625,2.878463431
8626,15.47047871
8627,-1.312634074
8628,3.412083287
8629,4.183991901
8630,7.967546323
8631,7.952462306
8632,15.69690258
8633,11.85328834
8634,0.287356223
8635,0.0968921
8636,6.407008913
8637,2.635416187
8638,7.542022819
8639,14.07805946
8640,2.203523772
8641,5.468130233
8642,9.549491686
8643,9.637824955
8644,7.295232678
8645,23.57933166
8646,11.135171
8647,6.903488169
8648,19.3304053
8649,11.23074676
8650,8.624995664
8651,-1.85429795
8652,4.639270365
8653,0.534560323
8654,7.0670117
8655,3.652194405
8656,3.130940794
8657,11.44034249
8658,3.857630429
8659,2.658309436
8660,5.37158235
8661,0.42658342
8662,0.511090029
8663,5.022369736
8664,5.904232666
8665,4.262940354
8666,4.861169564
8667,7.240327223
8668,6.660725605
8669,9.505905213
8670,5.356406553
8671,7.846735669
8672,36.10634788
8673,22.94534299
8674,19.40952766
8675,3.345725352
8676,8.668002874
8677,14.86443351
8678,9.02941618
8679,5.431696889
8680,10.47930629
8681,3.372091987
8682,-2.825269919
8683,1.334016467
8684,6.704249254
8685,8.584499924
8686,15.72689642
8687,8.356946212
8688,13.24867808
8689,3.169536227
8690,3.659810255
8691,36.84350697
8692,5.327720667
8693,8.494550032
8694,5.349550438
8695,17.76764099
8696,19.55229315
8697,3.934872086
8698,2.549253975
8699,10.11777297
8700,2.968385677
8701,0.200290905
8702,1.783663138
8703,8.506200903
8704,6.06721011
8705,7.22583656
8706,28.55036013
8707,4.462600166
8708,10.42229726
8709,13.35080444
8710,1.06412577
8711,16.70297456
8712,5.469805745
8713,9.081455504
8714,2.699598118
8715,3.309167074
8716,9.905448383
8717,-0.817211741
8718,9.806833066
8719,2.402550628
8720,12.41183457
8721,5.082485754
8722,6.913481335
8723,11.31008156
8724,12.40166704
8725,8.615363457
8726,3.32609667
8727,15.26891383
8728,5.033531438
8729,27.08968182
8730,13.08394766
8731,21.16505711
8732,6.593148102
8733,-0.942894636
8734,19.16403019
8735,2.549925599
8736,5.33545599
8737,22.10760657
8738,14.21877839
8739,1.277154727
8740,8.35424469
8741,5.047175054
8742,4.18119312
8743,12.62231218
8744,37.06144189
8745,1.843524152
8746,7.34706132
8747,3.697213281
8748,1.921110654
8749,24.18108891
8750,8.310913133
8751,26.06491141
8752,5.363152691
8753,5.85318592
8754,4.756619231
8755,13.6169136
8756,8.785166679
8757,13.98548102
8758,8.332043782
8759,2.255408626
8760,3.530494468
8761,4.881518815
8762,0.882226701
8763,9.671947538
8764,0.14544342
8765,7.824201944
8766,7.460710103
8767,4.150318134
8768,16.2364774
8769,30.26000731
8770,-0.701300071
8771,-0.375098948
8772,6.607834306
8773,22.87395447
8774,-1.116072168
8775,6.783337146
8776,8.756117687
8777,26.67779131
8778,13.33318976
8779,12.64874576
8780,6.406530042
8781,8.421336147
8782,1.823605804
8783,26.14175297
8784,1.179571029
8785,7.013664793
8786,7.295319001
8787,3.303816096
8788,11.5665074
8789,22.88338536
8790,-2.501295896
8791,5.03133682
8792,20.54977972
8793,10.41864811
8794,3.169782621
8795,7.91307985
8796,3.124070286
8797,5.648395326
8798,-2.179333401
8799,2.98145802
8800,9.078120731
8801,4.137777598
8802,1.522119598
8803,2.295369297
8804,22.50913946
8805,6.884204087
8806,1.191049089
8807,7.913263756
8808,29.47309888
8809,4.477912617
8810,17.08432815
8811,14.79036231
8812,4.126766801
8813,4.075655753
8814,8.964686125
8815,9.634067411
8816,-0.091171363
8817,5.041416435
8818,8.702526305
8819,10.59261948
8820,10.19533724
8821,3.594159609
8822,5.149679486
8823,6.20135824
8824,7.363322395
8825,5.021804703
8826,6.985813233
8827,5.999433972
8828,12.65841457
8829,8.233894689
8830,4.447274813
8831,8.493038051
8832,11.71085838
8833,5.220565429
8834,7.917141702
8835,7.398503167
8836,7.639434014
8837,6.50204896
8838,9.871827684
8839,5.354832784
8840,7.095366647
8841,13.99594106
8842,11.03251221
8843,3.750667331
8844,29.38791392
8845,7.028527603
8846,0.236010283
8847,-2.290399731
8848,20.75297442
8849,3.118698878
8850,1.690022086
8851,3.275629954
8852,41.74204194
8853,5.308601081
8854,18.66827654
8855,8.177542935
8856,7.221889925
8857,11.71954197
8858,15.66307054
8859,-2.270750826
8860,13.97069005
8861,3.181623866
8862,4.785511219
8863,10.63927441
8864,4.558802259
8865,8.439727666
8866,12.84669191
8867,0.787402506
8868,4.734506881
8869,4.136952568
8870,11.47015148
8871,1.710489202
8872,5.464896788
8873,1.645998731
8874,0.455885962
8875,1.497281669
8876,4.391109424
8877,4.353116034
8878,3.334505071
8879,15.44332494
8880,2.598125628
8881,0.411008275
8882,17.49216965
8883,6.896254618
8884,1.805490651
8885,14.04212479
8886,6.096435201
8887,3.514483736
8888,15.08702319
8889,2.443534325
8890,4.919225092
8891,6.626573496
8892,7.691210711
8893,7.824470145
8894,11.37573648
8895,3.366612152
8896,13.73267569
8897,3.666184431
8898,4.801673208
8899,8.986766854
8900,11.61803083
8901,12.96702622
8902,6.528543331
8903,19.8851715
8904,7.054488469
8905,4.946896319
8906,24.78399821
8907,9.869420018
8908,1.651486344
8909,7.84453052
8910,10.84156259
8911,41.58781399
8912,4.218259354
8913,6.38968145
8914,4.453475953
8915,4.793043236
8916,3.214949644
8917,3.703621649
8918,5.514177609
8919,11.08002765
8920,22.1206057
8921,-2.505119757
8922,14.05597387
8923,4.113351199
8924,13.84050001
8925,6.872112441
8926,10.59611937
8927,5.231033681
8928,8.980939832
8929,14.36805605
8930,8.60699645
8931,7.044896127
8932,13.48954812
8933,1.579769379
8934,21.93100881
8935,3.572208767
8936,2.961415052
8937,4.562169063
8938,2.715678154
8939,10.73924005
8940,24.21660236
8941,11.35942024
8942,22.28759157
8943,2.24688756
8944,1.433770776
8945,3.918382033
8946,6.924093028
8947,10.2300034
8948,4.818113249
8949,6.857153436
8950,8.976682055
8951,9.24757971
8952,1.907663792
8953,4.952831116
8954,2.1216369
8955,4.002831562
8956,6.863771583
8957,6.032352066
8958,13.39325458
8959,5.148551836
8960,22.35076656
8961,50.14930666
8962,6.517536346
8963,4.682580536
8964,0.463543149
8965,8.795307791
8966,2.073881987
8967,-2.018492076
8968,6.310629778
8969,2.242231616
8970,7.904801094
8971,10.6034769
8972,2.072235535
8973,5.249661696
8974,5.589067215
8975,10.35817798
8976,2.22626274
8977,4.772473086
8978,3.231650129
8979,24.38408446
8980,1.364624627
8981,1.40081211
8982,5.716048519
8983,33.40336451
8984,7.880283923
8985,2.924897433
8986,4.797723313
8987,12.98945139
8988,8.26322715
8989,6.268377108
8990,51.43619255
8991,10.4900794
8992,16.25621012
8993,5.481129205
8994,4.361636783
8995,0.867676533
8996,25.10007597
8997,16.67207078
8998,1.934905573
8999,0.988970315
9000,16.04360619
9001,2.365651846
9002,5.706717877
9003,1.003857965
9004,10.54641008
9005,-0.204009833
9006,10.46091921
9007,1.597442592
9008,15.92865199
9009,21.45172333
9010,18.69353049
9011,12.17650324
9012,2.400378037
9013,2.105452745
9014,7.790770835
9015,4.010621137
9016,6.428350711
9017,6.506402827
9018,3.003278426
9019,5.208736152
9020,13.97217544
9021,3.208517596
9022,8.657533148
9023,15.38321219
9024,-1.167174474
9025,9.525458719
9026,4.758596272
9027,6.985672724
9028,0.526664342
9029,6.59717931
9030,9.180057817
9031,14.75107874
9032,8.548715691
9033,16.03933191
9034,-0.058798151
9035,4.659169594
9036,4.416826377
9037,4.872818849
9038,0.086676986
9039,4.304436702
9040,15.96393626
9041,52.12509308
9042,15.06045001
9043,24.52582992
9044,7.629925851
9045,10.14207383
9046,10.44472018
9047,9.625078603
9048,-0.031367061
9049,3.53216086
9050,5.482817714
9051,5.327547114
9052,5.109634459
9053,2.307674278
9054,32.32193895
9055,11.49210532
9056,5.203567465
9057,3.755968363
9058,2.172888734
9059,5.750875181
9060,15.12703195
9061,13.336466
9062,4.277860584
9063,10.3257696
9064,4.925194848
9065,20.19509905
9066,6.416751085
9067,12.8144005
9068,3.553746598
9069,-0.936851602
9070,4.940589859
9071,1.033766521
9072,13.01474461
9073,1.058888184
9074,10.51679973
9075,1.557757222
9076,1.685763164
9077,2.523209388
9078,14.67864952
9079,2.970746304
9080,7.539605896
9081,4.488256168
9082,24.53033211
9083,4.601038673
9084,6.707911782
9085,5.82228549
9086,18.154887
9087,1.714818496
9088,13.63745293
9089,11.46082557
9090,35.46092517
9091,4.534695268
9092,7.667783881
9093,5.329087576
9094,4.218894961
9095,13.34735685
9096,9.540977573
9097,8.805547755
9098,3.586377253
9099,9.954387902
9100,9.53216515
9101,9.769844327
9102,7.851687203
9103,3.542922656
9104,19.04919855
9105,4.32767009
9106,24.01720473
9107,6.070773729
9108,9.655072134
9109,16.09853373
9110,11.46683975
9111,15.23452231
9112,24.36362528
9113,5.682010227
9114,8.768593454
9115,8.908958718
9116,8.887476851
9117,6.494211632
9118,4.277565479
9119,2.037555566
9120,4.534880289
9121,15.39497371
9122,32.25798748
9123,2.715235362
9124,1.110208838
9125,3.858313365
9126,8.671263966
9127,4.34240363
9128,11.08833599
9129,5.369601443
9130,2.293003033
9131,9.253196587
9132,10.94517745
9133,8.009767936
9134,4.410725288
9135,1.890211309
9136,13.52421829
9137,1.991984528
9138,18.3635495
9139,4.653124332
9140,9.465974346
9141,5.804738128
9142,7.834651536
9143,3.778882261
9144,1.574751436
9145,11.67309788
9146,9.087479751
9147,4.164785279
9148,2.545109155
9149,10.13084072
9150,-0.065782047
9151,9.808325673
9152,6.044803961
9153,0.784565314
9154,2.104801385
9155,11.6728307
9156,23.30689321
9157,1.995557622
9158,2.78585066
9159,11.39020322
9160,7.589188328
9161,9.523307072
9162,14.23407255
9163,-1.016419476
9164,3.267678897
9165,6.612118685
9166,0.687205161
9167,10.88390775
9168,4.429428807
9169,3.111770768
9170,8.234413714
9171,14.20252977
9172,7.66435054
9173,1.611085756
9174,6.129430601
9175,14.37751462
9176,16.55394702
9177,-0.155326589
9178,6.735449827
9179,6.032287851
9180,1.403248911
9181,-0.991964703
9182,12.18896986
9183,12.06741089
9184,11.06327389
9185,5.585604334
9186,4.353655081
9187,12.20175636
9188,7.545315155
9189,4.946664842
9190,15.13097938
9191,7.204279921
9192,5.584037656
9193,7.023654776
9194,8.701604415
9195,12.11308951
9196,4.787763916
9197,11.88967173
9198,3.009602311
9199,5.135505196
9200,0.187680429
9201,13.66804376
9202,33.02422104
9203,14.39303219
9204,7.070860042
9205,3.428292198
9206,12.80049146
9207,17.75546935
9208,32.74699036
9209,3.318243327
9210,30.71709425
9211,5.36826853
9212,22.33386557
9213,0.27558005
9214,4.423568044
9215,5.772471219
9216,7.442069018
9217,19.42497501
9218,3.024049725
9219,3.487466583
9220,37.44633897
9221,15.90465204
9222,4.296508014
9223,9.318329192
9224,12.18564
9225,9.161628958
9226,4.367177253
9227,27.09822279
9228,2.730384394
9229,6.971913978
9230,6.033095856
9231,0.764303283
9232,5.154411013
9233,6.052420928
9234,2.986984199
9235,9.358470332
9236,7.507232418
9237,14.03374838
9238,-3.509272253
9239,0.538154278
9240,13.68639539
9241,2.175824674
9242,18.16469121
9243,6.095570726
9244,1.880523048
9245,8.201320629
9246,8.545649015
9247,4.804372906
9248,13.80747121
9249,1.292453346
9250,9.438882336
9251,4.530291752
9252,6.017732163
9253,12.12638049
9254,6.806550795
9255,24.93478737
9256,-0.973806542
9257,15.56878143
9258,3.372288872
9259,11.66024062
9260,1.720653257
9261,8.170440247
9262,11.36077888
9263,2.051499847
9264,1.914274256
9265,31.64150336
9266,2.287065759
9267,-1.683789744
9268,30.36156127
9269,23.82282305
9270,-1.347784303
9271,0.709171193
9272,12.62264548
9273,5.869405866
9274,12.72128891
9275,7.017027362
9276,1.369181601
9277,-0.078316026
9278,6.620257151
9279,4.756341683
9280,8.140318103
9281,5.542107014
9282,9.184995216
9283,4.816420058
9284,8.248021235
9285,23.1743904
9286,5.677346911
9287,4.261030879
9288,11.14304847
9289,21.34114679
9290,14.1669571
9291,-0.503393598
9292,1.327744931
9293,10.42097125
9294,4.472499943
9295,6.497699916
9296,9.356799109
9297,1.490047793
9298,10.5984508
9299,4.12257937
9300,19.3353425
9301,14.67301818
9302,2.599739522
9303,14.05081649
9304,17.94645684
9305,2.927551545
9306,4.185817539
9307,3.217790199
9308,3.23323261
9309,2.958675372
9310,6.062982097
9311,3.101758408
9312,3.175333341
9313,13.41347053
9314,6.311436861
9315,25.11508372
9316,16.57995863
9317,4.660607893
9318,0.740688768
9319,9.543520413
9320,17.53141993
9321,5.88035492
9322,2.252774805
9323,27.88011888
9324,0.218867621
9325,7.02791937
9326,-1.673990132
9327,0.316519414
9328,0.700248488
9329,11.69337944
9330,0.707338332
9331,8.015492965
9332,10.37957373
9333,4.480761969
9334,22.55265171
9335,18.80939924
9336,23.44037249
9337,9.221123675
9338,0.379889358
9339,-0.856358735
9340,5.109344119
9341,0.30341622
9342,8.760023016
9343,3.708574782
9344,3.356450453
9345,6.364380336
9346,3.351780971
9347,3.663840299
9348,7.685956975
9349,6.56360028
9350,4.337905063
9351,9.279357339
9352,13.81831029
9353,9.117902037
9354,9.390669639
9355,26.85547442
9356,8.060732246
9357,16.92902089
9358,0.950888322
9359,3.935456262
9360,0.270272059
9361,9.066107482
9362,6.288790308
9363,42.10420699
9364,12.68441303
9365,1.592504643
9366,15.5220592
9367,-1.713132325
9368,14.29583178
9369,5.552422325
9370,14.53096645
9371,9.013959283
9372,-1.122173371
9373,0.873884344
9374,4.054799357
9375,5.995442322
9376,8.768133118
9377,9.407732178
9378,18.34911638
9379,10.96825441
9380,7.814297597
9381,2.544950518
9382,3.746033532
9383,3.587364709
9384,23.11160974
9385,3.241118847
9386,3.021109731
9387,2.367906233
9388,14.53856939
9389,8.359189987
9390,4.327771666
9391,8.171292477
9392,5.065479985
9393,5.961722371
9394,2.189814764
9395,1.879404627
9396,23.10628091
9397,22.74963927
9398,3.762031006
9399,41.84462119
9400,8.993126751
9401,2.721021245
9402,8.563695009
9403,20.15449789
9404,10.29888495
9405,-0.620267909
9406,6.201569974
9407,3.308989058
9408,6.473615079
9409,8.987149135
9410,13.13268915
9411,20.98286459
9412,4.921917373
9413,2.401605532
9414,22.1091261
9415,4.122198605
9416,27.21827224
9417,5.970076318
9418,23.13925615
9419,12.22918356
9420,71.42648429
9421,24.00497129
9422,5.526520443
9423,11.50814793
9424,2.379719525
9425,-1.870465782
9426,15.80282673
9427,15.10355033
9428,23.88325053
9429,6.08371855
9430,11.72770761
9431,6.962035869
9432,2.865639093
9433,14.05436961
9434,8.56115251
9435,1.079276011
9436,12.96729361
9437,3.908300984
9438,20.78872266
9439,12.67616975
9440,11.62924392
9441,3.367432514
9442,9.126956025
9443,12.90943598
9444,3.414697597
9445,6.174461243
9446,-1.004661093
9447,2.33591283
9448,12.1153675
9449,14.43238892
9450,1.853174112
9451,3.028376563
9452,31.75254872
9453,1.46297018
9454,14.09222511
9455,8.017535642
9456,1.931156139
9457,12.25928143
9458,1.625238698
9459,13.5204016
9460,4.584293808
9461,5.364932218
9462,10.15201733
9463,18.86311037
9464,8.593044355
9465,6.423102359
9466,15.27998454
9467,9.464829541
9468,17.50248003
9469,-0.899092364
9470,5.612685404
9471,6.875757268
9472,11.92643788
9473,3.69670848
9474,21.22741635
9475,6.183740221
9476,1.774698185
9477,13.16053915
9478,10.64593256
9479,9.404522473
9480,3.519810768
9481,12.57991544
9482,2.273023722
9483,5.713903244
9484,0.754468192
9485,10.464377
9486,12.63270839
9487,6.723935476
9488,-1.949850962
9489,9.270852719
9490,1.950585338
9491,11.76837235
9492,9.769926894
9493,8.664975047
9494,8.502189206
9495,10.24866403
9496,1.566843086
9497,7.414532097
9498,3.010374031
9499,-1.260941316
9500,3.736714798
9501,8.233921694
9502,4.687538251
9503,6.025690721
9504,11.72161346
9505,5.253022399
9506,12.61070805
9507,-0.06556298
9508,21.4118287
9509,29.91443945
9510,1.783931475
9511,5.799193406
9512,6.790491551
9513,5.736337984
9514,5.163800749
9515,26.20271481
9516,13.16397713
9517,5.44083538
9518,2.426366341
9519,1.22435409
9520,1.534283374
9521,11.0075695
9522,5.939504863
9523,4.436041802
9524,5.763245353
9525,4.607665911
9526,10.11482764
9527,6.564901749
9528,8.5716329
9529,12.26707749
9530,4.803933848
9531,12.29480143
9532,2.049149523
9533,6.329622139
9534,3.643219028
9535,5.251402769
9536,8.487056689
9537,24.89337135
9538,3.515856638
9539,11.30024933
9540,3.257884922
9541,14.60356929
9542,12.42420627
9543,4.522718845
9544,11.36359078
9545,6.989568986
9546,4.777034661
9547,8.002071477
9548,-2.392453861
9549,3.704624677
9550,4.035840024
9551,2.688958995
9552,2.169309964
9553,18.5736871
9554,5.388527674
9555,19.8035541
9556,5.67020654
9557,3.476905978
9558,4.331832974
9559,20.81482729
9560,0.075240354
9561,5.357292609
9562,27.06576146
9563,2.659495955
9564,4.036879242
9565,6.214741314
9566,25.82824944
9567,2.925630125
9568,9.859008293
9569,0.254859838
9570,1.761396175
9571,3.712748896
9572,3.344593031
9573,12.32274007
9574,7.957248696
9575,11.24975472
9576,5.710633933
9577,5.198324669
9578,5.019836016
9579,14.30409939
9580,4.970316889
9581,2.724469409
9582,2.361840822
9583,16.1467942
9584,4.067555419
9585,6.153372699
9586,8.261473958
9587,4.833002193
9588,10.88101177
9589,8.581249418
9590,4.599052206
9591,8.146226589
9592,6.114478551
9593,11.3604874
9594,6.456572481
9595,16.16291331
9596,3.03379785
9597,2.471229555
9598,14.68785804
9599,4.791951558
9600,16.51696687
9601,9.602488132
9602,0.167722109
9603,4.275986727
9604,15.68754955
9605,18.43931494
9606,1.737573189
9607,10.56805635
9608,2.933872198
9609,7.787612363
9610,1.562561505
9611,2.533880135
9612,19.27189632
9613,12.99293319
9614,0.047647263
9615,13.51407058
9616,3.803063585
9617,4.666068888
9618,1.356717761
9619,10.76564049
9620,3.528638626
9621,12.86591147
9622,0.182624676
9623,11.53778836
9624,8.195263173
9625,4.386868646
9626,9.697488744
9627,11.42043306
9628,7.20456133
9629,1.134064292
9630,-0.198013314
9631,4.757999893
9632,9.484159281
9633,3.414815944
9634,20.5162876
9635,15.03042082
9636,1.881068434
9637,-1.357700951
9638,23.34207365
9639,16.92367655
9640,7.71066666
9641,8.851360407
9642,7.4150479
9643,3.51755905
9644,16.82405913
9645,16.08581554
9646,7.786834112
9647,21.62349926
9648,7.245688043
9649,-0.387944159
9650,3.88229812
9651,9.866735687
9652,4.667663774
9653,4.808569095
9654,21.38045082
9655,5.623018076
9656,6.011243825
9657,33.28905657
9658,4.604602304
9659,8.322877123
9660,15.57198218
9661,3.553951327
9662,10.63195919
9663,0.684757016
9664,4.844948985
9665,-0.599005565
9666,10.94420931
9667,4.495496971
9668,4.488535032
9669,8.309677173
9670,1.153332986
9671,5.593008816
9672,12.17669796
9673,2.749980024
9674,9.753847895
9675,16.01045376
9676,-0.473537072
9677,10.42898725
9678,14.60682248
9679,3.527523034
9680,5.962346397
9681,11.09272341
9682,12.02066903
9683,7.320959459
9684,-1.538272636
9685,0.287976355
9686,22.28003329
9687,17.07674986
9688,12.91479261
9689,4.173080372
9690,8.039606494
9691,13.64622367
9692,2.025517035
9693,2.383765351
9694,12.11928294
9695,1.794881249
9696,5.102389196
9697,-0.036738416
9698,3.535151954
9699,7.494534474
9700,3.925346459
9701,2.679615961
9702,13.65463552
9703,12.63132423
9704,15.23836245
9705,8.339100632
9706,10.22561771
9707,3.297679853
9708,-0.928128949
9709,2.998553902
9710,16.94122179
9711,11.34615815
9712,13.45043351
9713,9.745722228
9714,2.241629516
9715,12.2020172
9716,5.161268886
9717,22.24213318
9718,5.323271579
9719,2.453094423
9720,2.440688297
9721,3.987406553
9722,5.925610241
9723,27.38077429
9724,9.059482496
9725,2.962312276
9726,4.590265165
9727,4.477080625
9728,15.91561425
9729,5.0540803
9730,3.874998003
9731,4.94024244
9732,19.43434906
9733,15.28758236
9734,3.332818372
9735,-2.366320736
9736,8.170052852
9737,5.981333369
9738,7.994947996
9739,13.25529416
9740,3.024889335
9741,7.506354385
9742,2.619240503
9743,14.11615561
9744,8.04481782
9745,10.50410744
9746,8.183457358
9747,14.57350481
9748,15.00905074
9749,15.68504939
9750,1.133016537
9751,7.49917005
9752,13.44358921
9753,5.834238908
9754,3.204145216
9755,11.00810389
9756,3.777361132
9757,20.56505415
9758,50.14294592
9759,11.12456254
9760,9.948281024
9761,11.55861108
9762,19.76900599
9763,8.834413232
9764,4.30550021
9765,6.831450203
9766,7.826738361
9767,7.55201727
9768,17.25177569
9769,4.801660592
9770,3.497513968
9771,9.818045829
9772,2.510481687
9773,0.528951525
9774,5.943824456
9775,8.642128538
9776,6.596025418
9777,3.471004062
9778,6.329955429
9779,11.25509203
9780,10.34331738
9781,11.75796091
9782,14.68803391
