id,y
5380,6.47
5381,5.086666666666667
5382,2.2133333333333334
5383,4.476666666666667
5384,5.676666666666667
5385,5.55
5386,19.463333333333335
5387,9.08
5388,2.546666666666667
5389,5.45
5390,10.043333333333333
5391,3.4633333333333334
5392,4.24
5393,3.32
5394,19.413333333333334
5395,16.113333333333333
5396,9.506666666666666
5397,5.676666666666667
5398,7.306666666666667
5399,14.246666666666666
5400,14.623333333333333
5401,5.84
5402,4.68
5403,9.783333333333333
5404,12.493333333333334
5405,10.09
5406,12.783333333333333
5407,9.246666666666666
5408,7.87
5409,4.216666666666667
5410,2.99
5411,6.54
5412,4.24
5413,5.156666666666666
5414,7.526666666666666
5415,5.586666666666667
5416,5.87
5417,11.536666666666667
5418,5.476666666666667
5419,7.6466666666666665
5420,10.836666666666666
5421,6.616666666666666
5422,4.153333333333333
5423,18.42
5424,8.4
5425,12.736666666666666
5426,24.41
5427,10.37
5428,5.333333333333333
5429,10.36
5430,4.306666666666667
5431,10.9
5432,5.06
5433,23.25
5434,7.433333333333334
5435,53.35
5436,3.4833333333333334
5437,8.123333333333333
5438,10.523333333333333
5439,2.43
5440,9.146666666666667
5441,4.156666666666666
5442,2.33
5443,15.583333333333334
5444,5.31
5445,5.423333333333333
5446,14.713333333333333
5447,3.776666666666667
5448,7.916666666666667
5449,2.6966666666666668
5450,7.493333333333333
5451,4.18
5452,5.273333333333333
5453,9.096666666666666
5454,14.986666666666666
5455,21.503333333333334
5456,27.386666666666667
5457,8.45
5458,11.44
5459,6.753333333333333
5460,4.03
5461,7.2
5462,8.31
5463,4.503333333333333
5464,11.616666666666667
5465,10.786666666666667
5466,10.216666666666667
5467,15.706666666666667
5468,10.823333333333334
5469,2.5433333333333334
5470,11.926666666666666
5471,2.68
5472,12.42
5473,22.106666666666666
5474,5.88
5475,8.343333333333334
5476,5.633333333333334
5477,40.763333333333335
5478,20.133333333333333
5479,6.41
5480,6.773333333333333
5481,5.296666666666667
5482,3.91
5483,3.45
5484,12.586666666666666
5485,5.056666666666667
5486,11.503333333333334
5487,3.05
5488,3.75
5489,7.07
5490,4.623333333333333
5491,7.136666666666667
5492,7.26
5493,8.573333333333334
5494,18.58
5495,12.03
5496,5.156666666666666
5497,9.483333333333333
5498,7.01
5499,13.803333333333333
5500,17.233333333333334
5501,13.57
5502,11.533333333333333
5503,2.1766666666666667
5504,3.92
5505,4.756666666666667
5506,6.023333333333333
5507,3.03
5508,8.2
5509,3.2733333333333334
5510,29.013333333333332
5511,9.73
5512,14.626666666666667
5513,3.8766666666666665
5514,4.863333333333333
5515,15.07
5516,7.536666666666667
5517,11.68
5518,7.873333333333333
5519,14.253333333333334
5520,3.83
5521,18.42
5522,4.79
5523,3.8
5524,7.843333333333334
5525,27.93
5526,13.25
5527,4.69
5528,4.48
5529,4.623333333333333
5530,14.593333333333334
5531,29.46
5532,3.8366666666666664
5533,5.79
5534,8.153333333333334
5535,9.15
5536,4.86
5537,4.56
5538,3.6
5539,7.056666666666667
5540,3.2733333333333334
5541,19.46
5542,3.3466666666666667
5543,3.26
5544,16.573333333333334
5545,5.83
5546,8.953333333333333
5547,53.27333333333333
5548,4.5633333333333335
5549,5.9366666666666665
5550,4.316666666666666
5551,17.933333333333334
5552,5.486666666666666
5553,2.296666666666667
5554,11.883333333333333
5555,6.5
5556,11.206666666666667
5557,8.493333333333334
5558,16.186666666666667
5559,11.05
5560,4.906666666666666
5561,4.723333333333334
5562,28.106666666666666
5563,5.403333333333333
5564,11.31
5565,20.163333333333334
5566,13.19
5567,15.723333333333333
5568,3.486666666666667
5569,4.446666666666666
5570,4.75
5571,12.58
5572,6.463333333333333
5573,4.61
5574,31.05
5575,11.89
5576,24.616666666666667
5577,7.57
5578,5.066666666666666
5579,4.903333333333333
5580,9.67
5581,4.803333333333334
5582,11.886666666666667
5583,55.906666666666666
5584,2.9766666666666666
5585,6.446666666666666
5586,5.316666666666666
5587,16.483333333333334
5588,6.553333333333334
5589,18.88
5590,17.696666666666665
5591,3.84
5592,12.413333333333334
5593,10.633333333333333
5594,3.0033333333333334
5595,6.426666666666667
5596,3.46
5597,4.366666666666666
5598,21.81
5599,5.55
5600,6.02
5601,12.006666666666666
5602,5.77
5603,8.786666666666667
5604,10.006666666666666
5605,9.106666666666667
5606,2.4133333333333336
5607,18.513333333333332
5608,12.68
5609,2.5766666666666667
5610,5.426666666666667
5611,2.4133333333333336
5612,4.456666666666667
5613,3.0166666666666666
5614,23.08
5615,6.4
5616,4.29
5617,14.6
5618,8.473333333333333
5619,5.6433333333333335
5620,12.43
5621,5.67
5622,3.6966666666666668
5623,7.6
5624,12.406666666666666
5625,8.15
5626,4.96
5627,7.736666666666666
5628,3.83
5629,4.703333333333333
5630,11.733333333333333
5631,5.84
5632,7.523333333333333
5633,4.083333333333333
5634,5.11
5635,5.016666666666667
5636,3.23
5637,3.5233333333333334
5638,20.733333333333334
5639,14.653333333333334
5640,5.66
5641,3.8133333333333335
5642,3.3933333333333335
5643,14.92
5644,5.346666666666667
5645,10.703333333333333
5646,8.86
5647,14.136666666666667
5648,14.916666666666666
5649,7.85
5650,6.796666666666667
5651,34.93333333333333
5652,9.243333333333334
5653,2.5033333333333334
5654,3.0566666666666666
5655,2.6433333333333335
5656,7.276666666666666
5657,6.736666666666666
5658,6.1033333333333335
5659,1.8833333333333333
5660,4.423333333333333
5661,4.843333333333334
5662,13.06
5663,5.6
5664,8.34
5665,4.156666666666666
5666,2.2133333333333334
5667,13.473333333333333
5668,4.626666666666667
5669,7.296666666666667
5670,4.783333333333333
5671,4.506666666666667
5672,4.6
5673,2.7866666666666666
5674,14.0
5675,14.786666666666667
5676,8.7
5677,17.80666666666667
5678,3.756666666666667
5679,19.076666666666668
5680,12.663333333333334
5681,10.44
5682,14.84
5683,3.3966666666666665
5684,12.053333333333333
5685,14.87
5686,22.76
5687,3.0733333333333333
5688,5.416666666666667
5689,26.743333333333332
5690,7.566666666666666
5691,8.34
5692,10.323333333333334
5693,3.74
5694,7.63
5695,4.736666666666666
5696,11.933333333333334
5697,12.67
5698,7.546666666666667
5699,7.02
5700,13.576666666666666
5701,6.1433333333333335
5702,4.1866666666666665
5703,7.166666666666667
5704,4.843333333333334
5705,29.05
5706,20.373333333333335
5707,3.2
5708,9.806666666666667
5709,3.84
5710,4.07
5711,11.216666666666667
5712,6.3533333333333335
5713,16.46
5714,10.003333333333334
5715,5.07
5716,10.92
5717,7.806666666666667
5718,6.763333333333334
5719,3.25
5720,17.24
5721,6.37
5722,17.373333333333335
5723,2.8966666666666665
5724,4.7
5725,6.713333333333333
5726,8.886666666666667
5727,35.66
5728,11.666666666666666
5729,12.703333333333333
5730,6.296666666666667
5731,10.886666666666667
5732,2.89
5733,7.136666666666667
5734,6.6866666666666665
5735,7.383333333333334
5736,3.3
5737,7.96
5738,5.863333333333333
5739,7.3966666666666665
5740,8.873333333333333
5741,10.303333333333333
5742,7.1866666666666665
5743,12.343333333333334
5744,5.756666666666667
5745,12.266666666666667
5746,5.4366666666666665
5747,7.083333333333333
5748,13.593333333333334
5749,6.276666666666666
5750,5.493333333333333
5751,7.826666666666667
5752,5.45
5753,4.2
5754,6.533333333333333
5755,3.3566666666666665
5756,13.41
5757,3.56
5758,3.3066666666666666
5759,2.26
5760,3.0366666666666666
5761,3.736666666666667
5762,29.436666666666667
5763,7.566666666666666
5764,5.42
5765,9.86
5766,8.206666666666667
5767,4.153333333333333
5768,5.57
5769,4.246666666666667
5770,14.23
5771,3.9233333333333333
5772,6.21
5773,6.41
5774,4.51
5775,16.916666666666668
5776,11.713333333333333
5777,7.1433333333333335
5778,4.35
5779,5.056666666666667
5780,5.01
5781,4.296666666666667
5782,6.42
5783,11.053333333333333
5784,5.053333333333334
5785,11.89
5786,13.986666666666666
5787,6.1033333333333335
5788,6.656666666666666
5789,3.1133333333333333
5790,10.843333333333334
5791,3.01
5792,3.87
5793,10.666666666666666
5794,3.8633333333333333
5795,13.683333333333334
5796,7.92
5797,4.216666666666667
5798,7.666666666666667
5799,9.496666666666666
5800,23.553333333333335
5801,5.5633333333333335
5802,5.996666666666667
5803,15.646666666666667
5804,6.383333333333334
5805,7.903333333333333
5806,10.12
5807,14.92
5808,8.13
5809,9.493333333333334
5810,13.843333333333334
5811,31.88
5812,8.186666666666667
5813,8.593333333333334
5814,10.01
5815,3.933333333333333
5816,7.68
5817,7.09
5818,14.186666666666667
5819,5.1866666666666665
5820,10.923333333333334
5821,5.85
5822,5.86
5823,4.923333333333333
5824,38.056666666666665
5825,5.833333333333333
5826,11.176666666666666
5827,4.173333333333333
5828,2.6966666666666668
5829,12.786666666666667
5830,7.416666666666667
5831,6.91
5832,11.686666666666667
5833,27.44
5834,4.886666666666667
5835,5.346666666666667
5836,7.506666666666667
5837,7.53
5838,5.48
5839,11.296666666666667
5840,12.796666666666667
5841,6.426666666666667
5842,4.166666666666667
5843,7.586666666666667
5844,6.04
5845,10.59
5846,9.766666666666667
5847,3.03
5848,4.416666666666667
5849,10.063333333333333
5850,16.273333333333333
5851,2.6266666666666665
5852,4.56
5853,10.013333333333334
5854,1.9633333333333334
5855,2.37
5856,16.05
5857,7.59
5858,4.973333333333334
5859,10.756666666666666
5860,5.343333333333334
5861,3.8066666666666666
5862,6.73
5863,16.53
5864,15.73
5865,5.8566666666666665
5866,13.246666666666666
5867,21.473333333333333
5868,11.86
5869,9.833333333333334
5870,9.393333333333333
5871,6.3566666666666665
5872,7.576666666666667
5873,11.41
5874,10.103333333333333
5875,5.51
5876,4.78
5877,3.283333333333333
5878,10.566666666666666
5879,12.136666666666667
5880,11.296666666666667
5881,8.42
5882,5.883333333333334
5883,10.653333333333334
5884,5.836666666666667
5885,17.273333333333333
5886,4.57
5887,8.026666666666667
5888,4.3966666666666665
5889,9.33
5890,13.536666666666667
5891,7.75
5892,4.77
5893,5.943333333333333
5894,5.583333333333333
5895,7.56
5896,8.673333333333334
5897,10.323333333333334
5898,10.45
5899,17.07
5900,12.873333333333333
5901,6.516666666666667
5902,6.183333333333334
5903,14.45
5904,18.11
5905,3.69
5906,8.466666666666667
5907,2.18
5908,5.683333333333334
5909,28.873333333333335
5910,4.75
5911,5.3966666666666665
5912,8.29
5913,2.7666666666666666
5914,2.9066666666666667
5915,4.503333333333333
5916,3.3766666666666665
5917,8.85
5918,10.946666666666667
5919,9.35
5920,13.193333333333333
5921,3.973333333333333
5922,6.653333333333333
5923,8.246666666666666
5924,2.93
5925,3.716666666666667
5926,10.56
5927,3.17
5928,2.5166666666666666
5929,13.233333333333333
5930,10.64
5931,14.08
5932,2.93
5933,2.19
5934,34.11333333333334
5935,3.0766666666666667
5936,13.133333333333333
5937,8.656666666666666
5938,11.173333333333334
5939,13.893333333333333
5940,14.486666666666666
5941,6.653333333333333
5942,6.516666666666667
5943,4.206666666666667
5944,22.6
5945,20.19333333333333
5946,9.593333333333334
5947,8.183333333333334
5948,7.25
5949,6.596666666666667
5950,10.88
5951,3.7733333333333334
5952,9.85
5953,10.963333333333333
5954,11.0
5955,3.263333333333333
5956,7.546666666666667
5957,7.49
5958,9.193333333333333
5959,5.16
5960,11.666666666666666
5961,12.15
5962,10.37
5963,15.143333333333333
5964,6.733333333333333
5965,17.373333333333335
5966,3.7733333333333334
5967,6.566666666666666
5968,2.3033333333333332
5969,13.64
5970,6.38
5971,6.37
5972,11.096666666666666
5973,2.38
5974,12.056666666666667
5975,7.97
5976,11.856666666666667
5977,12.123333333333333
5978,7.953333333333333
5979,9.516666666666667
5980,22.826666666666668
5981,7.306666666666667
5982,5.8133333333333335
5983,4.34
5984,3.763333333333333
5985,11.396666666666667
5986,5.71
5987,6.903333333333333
5988,4.57
5989,2.37
5990,8.286666666666667
5991,2.486666666666667
5992,4.216666666666667
5993,7.966666666666667
5994,13.236666666666666
5995,7.98
5996,6.713333333333333
5997,3.4133333333333336
5998,7.53
5999,16.92
6000,14.9
6001,3.7066666666666666
6002,3.29
6003,4.383333333333334
6004,9.193333333333333
6005,6.343333333333334
6006,12.316666666666666
6007,8.31
6008,15.95
6009,12.363333333333333
6010,7.6066666666666665
6011,10.733333333333333
6012,10.553333333333333
6013,5.13
6014,3.66
6015,7.363333333333333
6016,3.01
6017,4.13
6018,10.346666666666666
6019,13.046666666666667
6020,4.776666666666666
6021,29.58
6022,13.65
6023,9.286666666666667
6024,6.663333333333333
6025,5.183333333333334
6026,12.253333333333334
6027,5.493333333333333
6028,6.573333333333333
6029,4.363333333333333
6030,22.1
6031,5.043333333333333
6032,11.25
6033,10.59
6034,7.953333333333333
6035,33.86666666666667
6036,35.88
6037,6.31
6038,13.76
6039,6.1
6040,8.633333333333333
6041,4.763333333333334
6042,5.336666666666667
6043,12.66
6044,15.123333333333333
6045,10.43
6046,12.49
6047,6.673333333333333
6048,3.8266666666666667
6049,4.696666666666666
6050,3.3866666666666667
6051,4.026666666666666
6052,3.6933333333333334
6053,3.1233333333333335
6054,3.026666666666667
6055,2.0233333333333334
6056,5.1033333333333335
6057,12.473333333333333
6058,14.873333333333333
6059,3.216666666666667
6060,5.93
6061,4.23
6062,7.473333333333334
6063,4.35
6064,4.86
6065,10.343333333333334
6066,2.6766666666666667
6067,6.1033333333333335
6068,11.033333333333333
6069,7.6866666666666665
6070,5.3
6071,5.183333333333334
6072,8.28
6073,12.94
6074,4.136666666666667
6075,8.803333333333333
6076,14.81
6077,2.76
6078,10.43
6079,10.77
6080,14.896666666666667
6081,2.81
6082,3.1
6083,4.133333333333334
6084,13.28
6085,18.783333333333335
6086,8.263333333333334
6087,8.056666666666667
6088,8.076666666666666
6089,2.466666666666667
6090,10.613333333333333
6091,13.866666666666667
6092,8.97
6093,8.17
6094,5.493333333333333
6095,9.61
6096,8.44
6097,16.836666666666666
6098,7.486666666666666
6099,11.116666666666667
6100,24.843333333333334
6101,9.936666666666667
6102,7.986666666666666
6103,6.41
6104,7.0
6105,15.876666666666667
6106,9.04
6107,7.046666666666667
6108,23.773333333333333
6109,13.513333333333334
6110,3.513333333333333
6111,4.583333333333333
6112,8.476666666666667
6113,5.75
6114,5.18
6115,6.49
6116,4.446666666666666
6117,7.0
6118,9.176666666666666
6119,2.64
6120,8.233333333333333
6121,3.3233333333333333
6122,33.95333333333333
6123,4.506666666666667
6124,4.233333333333333
6125,36.39
6126,3.6966666666666668
6127,13.46
6128,8.54
6129,7.576666666666667
6130,6.91
6131,14.066666666666666
6132,7.693333333333333
6133,8.626666666666667
6134,12.466666666666667
6135,9.893333333333333
6136,52.71666666666667
6137,2.7
6138,7.416666666666667
6139,14.306666666666667
6140,4.726666666666667
6141,7.01
6142,4.833333333333333
6143,14.773333333333333
6144,4.3966666666666665
6145,3.63
6146,7.74
6147,5.526666666666666
6148,4.38
6149,10.74
6150,8.103333333333333
6151,11.45
6152,8.473333333333333
6153,23.816666666666666
6154,3.526666666666667
6155,20.196666666666665
6156,4.6866666666666665
6157,3.17
6158,5.456666666666667
6159,4.8933333333333335
6160,63.43666666666667
6161,67.02666666666667
6162,12.41
6163,4.46
6164,3.4233333333333333
6165,27.983333333333334
6166,6.796666666666667
6167,11.23
6168,9.763333333333334
6169,8.193333333333333
6170,8.023333333333333
6171,8.43
6172,6.013333333333334
6173,28.80666666666667
6174,5.666666666666667
6175,8.703333333333333
6176,15.203333333333333
6177,6.023333333333333
6178,4.12
6179,2.58
6180,4.226666666666667
6181,4.59
6182,3.0833333333333335
6183,3.5866666666666664
6184,4.616666666666666
6185,1.95
6186,15.71
6187,10.46
6188,5.4366666666666665
6189,7.993333333333333
6190,11.143333333333333
6191,4.06
6192,5.79
6193,14.61
6194,4.273333333333333
6195,3.796666666666667
6196,6.53
6197,2.776666666666667
6198,8.966666666666667
6199,3.6066666666666665
6200,20.13
6201,14.02
6202,4.97
6203,5.056666666666667
6204,60.083333333333336
6205,2.816666666666667
6206,4.2
6207,11.046666666666667
6208,7.866666666666666
6209,5.023333333333333
6210,34.17
6211,3.026666666666667
6212,8.143333333333333
6213,6.29
6214,4.723333333333334
6215,4.473333333333334
6216,15.703333333333333
6217,10.21
6218,7.003333333333333
6219,9.896666666666667
6220,3.1766666666666667
6221,10.03
6222,3.34
6223,6.516666666666667
6224,5.523333333333333
6225,18.606666666666666
6226,4.97
6227,9.623333333333333
6228,35.513333333333335
6229,3.08
6230,13.726666666666667
6231,13.993333333333334
6232,19.3
6233,6.253333333333333
6234,4.8933333333333335
6235,8.07
6236,3.7266666666666666
6237,19.296666666666667
6238,12.28
6239,47.7
6240,8.833333333333334
6241,7.166666666666667
6242,6.796666666666667
6243,28.393333333333334
6244,8.996666666666666
6245,4.97
6246,5.006666666666667
6247,5.523333333333333
6248,27.333333333333332
6249,8.713333333333333
6250,28.096666666666668
6251,8.0
6252,10.53
6253,11.056666666666667
6254,21.303333333333335
6255,5.38
6256,20.663333333333334
6257,4.753333333333333
6258,12.133333333333333
6259,4.093333333333334
6260,7.67
6261,15.236666666666666
6262,15.63
6263,5.343333333333334
6264,1.8266666666666667
6265,5.193333333333333
6266,4.336666666666667
6267,13.006666666666666
6268,6.6466666666666665
6269,8.123333333333333
6270,4.726666666666667
6271,3.54
6272,15.11
6273,2.8366666666666664
6274,26.75
6275,7.06
6276,3.0166666666666666
6277,4.206666666666667
6278,3.7066666666666666
6279,6.876666666666667
6280,6.056666666666667
6281,20.963333333333335
6282,3.6866666666666665
6283,12.213333333333333
6284,12.403333333333334
6285,3.4
6286,5.12
6287,5.29
6288,8.79
6289,7.403333333333333
6290,7.123333333333333
6291,1.8566666666666667
6292,2.12
6293,8.786666666666667
6294,5.096666666666667
6295,9.653333333333334
6296,6.8566666666666665
6297,3.9
6298,18.453333333333333
6299,16.886666666666667
6300,6.326666666666667
6301,7.886666666666667
6302,8.506666666666666
6303,13.803333333333333
6304,3.736666666666667
6305,6.43
6306,11.186666666666667
6307,3.8566666666666665
6308,33.57
6309,4.8
6310,17.446666666666665
6311,8.63
6312,2.84
6313,3.8366666666666664
6314,4.476666666666667
6315,3.8466666666666667
6316,12.953333333333333
6317,7.94
6318,12.326666666666666
6319,2.276666666666667
6320,24.856666666666666
6321,3.19
6322,6.753333333333333
6323,5.09
6324,7.6433333333333335
6325,25.133333333333333
6326,53.11333333333334
6327,3.2
6328,12.843333333333334
6329,6.673333333333333
6330,8.23
6331,5.06
6332,4.64
6333,5.193333333333333
6334,7.453333333333333
6335,9.183333333333334
6336,2.506666666666667
6337,11.556666666666667
6338,7.416666666666667
6339,16.283333333333335
6340,4.073333333333333
6341,3.2133333333333334
6342,7.84
6343,5.736666666666666
6344,5.156666666666666
6345,3.8566666666666665
6346,16.886666666666667
6347,10.17
6348,14.32
6349,9.61
6350,5.6033333333333335
6351,5.703333333333333
6352,3.6266666666666665
6353,8.723333333333333
6354,7.82
6355,9.573333333333334
6356,9.996666666666666
6357,4.053333333333334
6358,7.953333333333333
6359,4.753333333333333
6360,6.3566666666666665
6361,3.546666666666667
6362,6.226666666666667
6363,9.78
6364,11.456666666666667
6365,4.946666666666666
6366,16.733333333333334
6367,7.32
6368,8.356666666666667
6369,4.55
6370,5.48
6371,4.633333333333334
6372,3.12
6373,7.596666666666667
6374,7.09
6375,10.393333333333333
6376,58.39
6377,5.376666666666667
6378,5.6433333333333335
6379,6.18
6380,9.5
6381,7.066666666666666
6382,3.78
6383,7.803333333333334
6384,7.863333333333333
6385,5.07
6386,4.733333333333333
6387,5.756666666666667
6388,6.756666666666667
6389,5.066666666666666
6390,60.29333333333334
6391,13.863333333333333
6392,11.826666666666666
6393,6.8
6394,6.526666666666666
6395,6.023333333333333
6396,7.963333333333333
6397,22.9
6398,3.8433333333333333
6399,15.99
6400,2.91
6401,5.68
6402,4.5633333333333335
6403,6.743333333333333
6404,4.31
6405,10.8
6406,6.363333333333333
6407,7.583333333333333
6408,9.756666666666666
6409,39.303333333333335
6410,6.876666666666667
6411,7.8
6412,14.796666666666667
6413,5.426666666666667
6414,9.0
6415,6.723333333333334
6416,5.786666666666667
6417,12.08
6418,12.856666666666667
6419,3.0866666666666664
6420,6.3966666666666665
6421,8.8
6422,7.983333333333333
6423,3.67
6424,7.843333333333334
6425,12.003333333333334
6426,8.82
6427,6.543333333333333
6428,6.456666666666667
6429,9.19
6430,7.25
6431,6.206666666666667
6432,5.76
6433,11.96
6434,7.01
6435,24.856666666666666
6436,9.053333333333333
6437,10.88
6438,23.14
6439,7.916666666666667
6440,10.373333333333333
6441,7.833333333333333
6442,11.893333333333333
6443,5.05
6444,16.006666666666668
6445,9.736666666666666
6446,9.066666666666666
6447,4.676666666666667
6448,5.736666666666666
6449,5.633333333333334
6450,3.5566666666666666
6451,18.203333333333333
6452,6.316666666666666
6453,4.46
6454,5.1866666666666665
6455,10.15
6456,6.26
6457,5.04
6458,7.82
6459,7.086666666666667
6460,4.246666666666667
6461,4.16
6462,7.246666666666667
6463,4.91
6464,8.303333333333333
6465,6.326666666666667
6466,5.35
6467,5.673333333333333
6468,3.6066666666666665
6469,33.583333333333336
6470,15.833333333333334
6471,6.0633333333333335
6472,11.026666666666667
6473,4.056666666666667
6474,6.533333333333333
6475,3.6333333333333333
6476,11.813333333333333
6477,3.433333333333333
6478,5.71
6479,3.4466666666666668
6480,3.046666666666667
6481,5.11
6482,2.3766666666666665
6483,4.85
6484,4.28
6485,5.453333333333333
6486,5.523333333333333
6487,2.72
6488,10.913333333333334
6489,14.373333333333333
6490,4.98
6491,9.526666666666667
6492,9.063333333333333
6493,7.42
6494,5.98
6495,6.65
6496,8.103333333333333
6497,3.5966666666666667
6498,4.29
6499,5.8
6500,7.09
6501,2.316666666666667
6502,8.846666666666666
6503,9.84
6504,5.37
6505,14.543333333333333
6506,13.283333333333333
6507,14.943333333333333
6508,19.543333333333333
6509,7.083333333333333
6510,16.453333333333333
6511,6.44
6512,7.05
6513,10.423333333333334
6514,13.793333333333333
6515,5.726666666666667
6516,6.236666666666666
6517,5.423333333333333
6518,28.006666666666668
6519,9.366666666666667
6520,45.666666666666664
6521,11.39
6522,3.99
6523,2.71
6524,4.496666666666667
6525,4.83
6526,5.87
6527,21.656666666666666
6528,25.203333333333333
6529,6.663333333333333
6530,3.1566666666666667
6531,9.306666666666667
6532,6.31
6533,4.156666666666666
6534,9.943333333333333
6535,10.826666666666666
6536,9.41
6537,7.456666666666667
6538,6.696666666666666
6539,8.416666666666666
6540,6.296666666666667
6541,8.273333333333333
6542,3.7333333333333334
6543,11.556666666666667
6544,8.456666666666667
6545,9.006666666666666
6546,2.42
6547,7.013333333333334
6548,3.2866666666666666
6549,2.0233333333333334
6550,6.246666666666667
6551,7.506666666666667
6552,13.733333333333333
6553,5.35
6554,6.52
6555,12.906666666666666
6556,10.326666666666666
6557,9.346666666666666
6558,5.506666666666667
6559,3.6033333333333335
6560,5.776666666666666
6561,3.4033333333333333
6562,16.586666666666666
6563,1.8333333333333333
6564,4.29
6565,5.386666666666667
6566,4.9
6567,5.07
6568,8.716666666666667
6569,3.9466666666666668
6570,4.666666666666667
6571,4.243333333333333
6572,6.66
6573,4.183333333333334
6574,8.016666666666667
6575,7.866666666666666
6576,4.87
6577,6.3966666666666665
6578,16.023333333333333
6579,8.206666666666667
6580,5.02
6581,9.01
6582,6.636666666666667
6583,9.493333333333334
6584,6.843333333333334
6585,5.92
6586,4.696666666666666
6587,8.683333333333334
6588,2.79
6589,30.656666666666666
6590,12.483333333333333
6591,12.4
6592,5.18
6593,10.803333333333333
6594,21.133333333333333
6595,14.7
6596,13.9
6597,8.553333333333333
6598,6.6
6599,8.273333333333333
6600,7.223333333333334
6601,3.013333333333333
6602,10.46
6603,14.383333333333333
6604,16.30666666666667
6605,4.133333333333334
6606,4.45
6607,4.23
6608,18.003333333333334
6609,4.706666666666667
6610,6.183333333333334
6611,14.863333333333333
6612,8.046666666666667
6613,5.076666666666667
6614,37.06666666666667
6615,8.093333333333334
6616,6.91
6617,4.8966666666666665
6618,14.206666666666667
6619,4.816666666666666
6620,6.363333333333333
6621,8.016666666666667
6622,15.18
6623,7.48
6624,4.163333333333333
6625,11.28
6626,7.216666666666667
6627,6.506666666666667
6628,9.74
6629,3.1633333333333336
6630,4.8966666666666665
6631,2.2933333333333334
6632,23.76
6633,7.716666666666667
6634,15.296666666666667
6635,11.753333333333334
6636,5.02
6637,5.413333333333333
6638,5.303333333333334
6639,12.146666666666667
6640,11.396666666666667
6641,6.636666666666667
6642,1.9033333333333333
6643,3.0033333333333334
6644,6.993333333333333
6645,6.94
6646,21.976666666666667
6647,6.52
6648,6.94
6649,4.6466666666666665
6650,2.716666666666667
6651,15.356666666666667
6652,7.336666666666667
6653,8.633333333333333
6654,1.7433333333333334
6655,15.85
6656,11.57
6657,6.776666666666666
6658,7.723333333333334
6659,13.613333333333333
6660,9.61
6661,10.173333333333334
6662,37.88666666666666
6663,7.123333333333333
6664,32.43333333333333
6665,3.973333333333333
6666,3.7266666666666666
6667,16.986666666666668
6668,19.67
6669,3.9433333333333334
6670,18.86
6671,6.15
6672,4.53
6673,7.44
6674,2.4033333333333333
6675,7.876666666666667
6676,4.88
6677,6.076666666666667
6678,7.68
6679,4.8533333333333335
6680,10.87
6681,15.203333333333333
6682,9.196666666666667
6683,3.9433333333333334
6684,4.83
6685,8.15
6686,4.033333333333333
6687,8.696666666666667
6688,7.553333333333334
6689,6.78
6690,3.1866666666666665
6691,15.486666666666666
6692,10.583333333333334
6693,5.906666666666666
6694,7.4
6695,4.483333333333333
6696,7.756666666666667
6697,10.443333333333333
6698,7.65
6699,17.57
6700,4.373333333333333
6701,4.8533333333333335
6702,8.346666666666666
6703,8.696666666666667
6704,13.83
6705,4.49
6706,4.19
6707,7.27
6708,5.206666666666667
6709,19.42
6710,4.556666666666667
6711,18.46
6712,5.823333333333333
6713,4.07
6714,2.88
6715,2.21
6716,10.056666666666667
6717,2.33
6718,15.573333333333334
6719,4.31
6720,5.2
6721,4.416666666666667
6722,7.276666666666666
6723,5.6866666666666665
6724,4.843333333333334
6725,3.7466666666666666
6726,12.796666666666667
6727,16.223333333333333
6728,3.1366666666666667
6729,15.963333333333333
6730,20.616666666666667
6731,4.533333333333333
6732,16.55
6733,10.616666666666667
6734,39.233333333333334
6735,10.533333333333333
6736,7.34
6737,6.53
6738,13.766666666666667
6739,6.52
6740,22.86
6741,12.29
6742,6.6
6743,9.883333333333333
6744,5.483333333333333
6745,9.806666666666667
6746,5.533333333333333
6747,10.046666666666667
6748,2.683333333333333
6749,22.5
6750,4.003333333333333
6751,8.646666666666667
6752,4.096666666666667
6753,8.23
6754,7.826666666666667
6755,8.03
6756,23.64
6757,3.3433333333333333
6758,11.406666666666666
6759,5.89
6760,15.263333333333334
6761,4.47
6762,5.683333333333334
6763,34.93333333333333
6764,5.486666666666666
6765,10.193333333333333
6766,37.84
6767,5.026666666666666
6768,13.54
6769,9.013333333333334
6770,16.026666666666667
6771,5.413333333333333
6772,44.876666666666665
6773,9.573333333333334
6774,17.54
6775,11.876666666666667
6776,4.916666666666667
6777,6.423333333333333
6778,4.296666666666667
6779,14.936666666666667
6780,6.056666666666667
6781,41.64333333333333
6782,16.14
6783,3.716666666666667
6784,7.386666666666667
6785,14.376666666666667
6786,7.65
6787,3.8266666666666667
6788,4.476666666666667
6789,3.29
6790,8.866666666666667
6791,13.69
6792,23.49
6793,12.16
6794,11.31
6795,10.78
6796,11.0
6797,3.7733333333333334
6798,24.513333333333332
6799,6.003333333333333
6800,9.603333333333333
6801,6.803333333333334
6802,4.513333333333334
6803,5.233333333333333
6804,5.906666666666666
6805,21.05666666666667
6806,3.9233333333333333
6807,9.56
6808,2.756666666666667
6809,6.823333333333333
6810,3.3466666666666667
6811,8.023333333333333
6812,8.6
6813,2.96
6814,5.5
6815,10.42
6816,2.59
6817,3.3033333333333332
6818,19.473333333333333
6819,11.54
6820,5.13
6821,4.21
6822,11.64
6823,10.146666666666667
6824,25.563333333333333
6825,5.553333333333334
6826,13.216666666666667
6827,3.466666666666667
6828,12.63
6829,2.5766666666666667
6830,31.393333333333334
6831,2.9033333333333333
6832,4.296666666666667
6833,6.166666666666667
6834,8.216666666666667
6835,9.653333333333334
6836,6.736666666666666
6837,6.756666666666667
6838,13.18
6839,25.33
6840,14.826666666666666
6841,12.866666666666667
6842,6.866666666666666
6843,5.36
6844,11.323333333333334
6845,10.453333333333333
6846,5.093333333333334
6847,4.24
6848,2.2133333333333334
6849,8.286666666666667
6850,10.836666666666666
6851,5.13
6852,12.773333333333333
6853,2.81
6854,2.7866666666666666
6855,33.093333333333334
6856,9.85
6857,3.16
6858,3.506666666666667
6859,8.993333333333334
6860,18.05
6861,3.276666666666667
6862,33.52333333333333
6863,7.566666666666666
6864,9.93
6865,9.896666666666667
6866,5.636666666666667
6867,38.13666666666666
6868,6.723333333333334
6869,8.483333333333333
6870,9.626666666666667
6871,4.8
6872,9.206666666666667
6873,4.283333333333333
6874,16.236666666666668
6875,9.42
6876,7.266666666666667
6877,6.49
6878,5.026666666666666
6879,3.7533333333333334
6880,5.466666666666667
6881,9.466666666666667
6882,3.6
6883,16.926666666666666
6884,7.323333333333333
6885,12.403333333333334
6886,6.75
6887,10.663333333333334
6888,59.343333333333334
6889,4.6066666666666665
6890,1.8933333333333333
6891,6.13
6892,7.56
6893,14.903333333333334
6894,21.683333333333334
6895,3.8766666666666665
6896,1.8433333333333333
6897,3.3033333333333332
6898,8.273333333333333
6899,2.52
6900,20.766666666666666
6901,7.05
6902,4.766666666666667
6903,8.82
6904,15.19
6905,4.956666666666667
6906,3.8033333333333332
6907,5.41
6908,4.636666666666667
6909,19.85333333333333
6910,10.523333333333333
6911,15.066666666666666
6912,3.566666666666667
6913,6.556666666666667
6914,5.466666666666667
6915,6.113333333333333
6916,2.4966666666666666
6917,3.3366666666666664
6918,16.503333333333334
6919,12.813333333333333
6920,5.746666666666667
6921,6.496666666666667
6922,17.256666666666668
6923,22.69
6924,6.073333333333333
6925,4.453333333333333
6926,9.7
6927,10.603333333333333
6928,4.43
6929,3.76
6930,7.39
6931,16.833333333333332
6932,9.066666666666666
6933,9.586666666666666
6934,3.5733333333333333
6935,7.616666666666666
6936,7.88
6937,4.81
6938,5.8566666666666665
6939,6.3566666666666665
6940,17.493333333333332
6941,7.303333333333334
6942,4.66
6943,5.926666666666667
6944,6.403333333333333
6945,4.086666666666667
6946,10.453333333333333
6947,6.34
6948,10.566666666666666
6949,6.71
6950,17.346666666666668
6951,38.053333333333335
6952,11.846666666666666
6953,3.52
6954,10.23
6955,4.433333333333334
6956,16.706666666666667
6957,6.473333333333334
6958,12.66
6959,5.1033333333333335
6960,5.73
6961,4.246666666666667
6962,6.933333333333334
6963,6.24
6964,16.343333333333334
6965,3.473333333333333
6966,6.196666666666666
6967,6.66
6968,6.596666666666667
6969,5.163333333333333
6970,4.263333333333334
6971,16.71
6972,7.003333333333333
6973,6.043333333333333
6974,12.54
6975,5.326666666666667
6976,17.98
6977,11.89
6978,2.36
6979,14.233333333333333
6980,21.446666666666665
6981,33.516666666666666
6982,19.913333333333334
6983,4.33
6984,9.37
6985,9.23
6986,14.463333333333333
6987,13.91
6988,5.5
6989,5.17
6990,11.563333333333333
6991,3.993333333333333
6992,9.186666666666667
6993,16.856666666666666
6994,9.803333333333333
6995,2.1066666666666665
6996,4.536666666666667
6997,14.21
6998,1.78
6999,9.906666666666666
7000,3.88
7001,4.94
7002,4.6
7003,14.29
7004,6.473333333333334
7005,3.8733333333333335
7006,10.99
7007,10.6
7008,6.956666666666667
7009,6.77
7010,8.11
7011,5.37
7012,7.123333333333333
7013,3.98
7014,10.336666666666666
7015,6.07
7016,4.533333333333333
7017,15.88
7018,5.983333333333333
7019,3.74
7020,2.7533333333333334
7021,8.52
7022,2.8933333333333335
7023,9.736666666666666
7024,15.75
7025,2.1733333333333333
7026,9.906666666666666
7027,14.29
7028,3.8933333333333335
7029,13.82
7030,12.66
7031,4.21
7032,6.506666666666667
7033,13.3
7034,2.3833333333333333
7035,4.163333333333333
7036,5.456666666666667
7037,14.853333333333333
7038,3.06
7039,5.48
7040,17.21
7041,3.756666666666667
7042,25.816666666666666
7043,17.7
7044,6.976666666666667
7045,8.97
7046,2.4633333333333334
7047,5.046666666666667
7048,28.333333333333332
7049,16.833333333333332
7050,4.703333333333333
7051,10.526666666666667
7052,2.8933333333333335
7053,15.773333333333333
7054,3.9133333333333336
7055,7.21
7056,7.75
7057,8.743333333333334
7058,6.37
7059,11.603333333333333
7060,7.38
7061,2.01
7062,7.406666666666666
7063,11.396666666666667
7064,10.3
7065,5.8
7066,5.873333333333333
7067,12.016666666666667
7068,36.526666666666664
7069,4.46
7070,3.25
7071,5.536666666666667
7072,10.763333333333334
7073,6.463333333333333
7074,8.03
7075,5.483333333333333
7076,24.113333333333333
7077,3.1233333333333335
7078,20.92
7079,6.056666666666667
7080,6.343333333333334
7081,8.05
7082,5.53
7083,7.006666666666667
7084,10.623333333333333
7085,22.496666666666666
7086,2.9066666666666667
7087,4.556666666666667
7088,5.943333333333333
7089,6.5633333333333335
7090,8.39
7091,8.546666666666667
7092,6.206666666666667
7093,4.573333333333333
7094,2.763333333333333
7095,13.96
7096,18.57
7097,5.8566666666666665
7098,8.523333333333333
7099,4.083333333333333
7100,2.9633333333333334
7101,4.31
7102,3.2466666666666666
7103,4.04
7104,16.7
7105,8.55
7106,11.04
7107,7.613333333333333
7108,7.136666666666667
7109,10.303333333333333
7110,11.843333333333334
7111,2.57
7112,7.46
7113,4.433333333333334
7114,5.966666666666667
7115,3.783333333333333
7116,12.756666666666666
7117,20.816666666666666
7118,4.123333333333333
7119,5.983333333333333
7120,7.35
7121,12.646666666666667
7122,6.256666666666667
7123,7.9
7124,11.943333333333333
7125,49.79
7126,8.996666666666666
7127,8.5
7128,13.186666666666667
7129,16.69333333333333
7130,5.296666666666667
7131,3.4433333333333334
7132,7.073333333333333
7133,1.88
7134,4.31
7135,5.553333333333334
7136,4.41
7137,6.473333333333334
7138,10.626666666666667
7139,30.706666666666667
7140,3.223333333333333
7141,4.12
7142,2.6566666666666667
7143,4.79
7144,4.53
7145,6.78
7146,14.92
7147,27.7
7148,9.49
7149,32.91
7150,3.493333333333333
7151,6.506666666666667
7152,6.62
7153,9.47
7154,4.256666666666667
7155,8.193333333333333
7156,5.263333333333334
7157,6.08
7158,7.26
7159,6.216666666666667
7160,2.783333333333333
7161,13.886666666666667
7162,8.27
7163,7.996666666666667
7164,5.47
7165,4.63
7166,4.94
7167,7.433333333333334
7168,8.17
7169,3.1866666666666665
7170,6.08
7171,9.19
7172,2.54
7173,2.6633333333333336
7174,2.2333333333333334
7175,13.87
7176,4.086666666666667
7177,10.2
7178,25.30666666666667
7179,8.756666666666666
7180,5.533333333333333
7181,7.523333333333333
7182,25.916666666666668
7183,3.933333333333333
7184,3.6366666666666667
7185,7.09
7186,4.926666666666667
7187,6.03
7188,7.28
7189,15.986666666666666
7190,6.85
7191,4.173333333333333
7192,6.793333333333333
7193,4.05
7194,21.96
7195,20.666666666666668
7196,4.033333333333333
7197,11.293333333333333
7198,15.996666666666666
7199,20.19333333333333
7200,4.886666666666667
7201,4.696666666666666
7202,5.163333333333333
7203,16.316666666666666
7204,2.4366666666666665
7205,13.673333333333334
7206,5.863333333333333
7207,5.296666666666667
7208,9.82
7209,16.283333333333335
7210,4.9366666666666665
7211,4.88
7212,7.51
7213,5.49
7214,25.733333333333334
7215,8.153333333333334
7216,4.98
7217,6.223333333333334
7218,8.88
7219,2.966666666666667
7220,5.556666666666667
7221,13.093333333333334
7222,21.04
7223,2.33
7224,10.38
7225,3.1233333333333335
7226,4.86
7227,6.97
7228,5.363333333333333
7229,5.88
7230,2.88
7231,2.76
7232,5.653333333333333
7233,11.296666666666667
7234,2.3233333333333333
7235,14.763333333333334
7236,24.37
7237,21.003333333333334
7238,9.643333333333333
7239,17.783333333333335
7240,5.54
7241,6.233333333333333
7242,5.633333333333334
7243,14.86
7244,2.67
7245,9.86
7246,5.4366666666666665
7247,9.0
7248,11.716666666666667
7249,5.6033333333333335
7250,5.073333333333333
7251,18.623333333333335
7252,9.303333333333333
7253,40.41
7254,8.66
7255,5.363333333333333
7256,9.06
7257,14.076666666666666
7258,4.786666666666667
7259,10.976666666666667
7260,8.376666666666667
7261,4.523333333333333
7262,4.033333333333333
7263,6.416666666666667
7264,5.876666666666667
7265,8.2
7266,7.916666666666667
7267,6.47
7268,14.916666666666666
7269,2.87
7270,6.76
7271,5.4
7272,3.7666666666666666
7273,4.956666666666667
7274,5.083333333333333
7275,5.9366666666666665
7276,5.206666666666667
7277,47.86
7278,2.53
7279,5.983333333333333
7280,13.92
7281,6.55
7282,14.413333333333334
7283,7.973333333333334
7284,3.64
7285,8.446666666666667
7286,2.933333333333333
7287,10.696666666666667
7288,3.65
7289,3.41
7290,11.866666666666667
7291,15.146666666666667
7292,5.6
7293,3.6966666666666668
7294,3.16
7295,5.6466666666666665
7296,3.9833333333333334
7297,14.946666666666667
7298,6.293333333333333
7299,28.636666666666667
7300,13.573333333333334
7301,14.3
7302,40.89666666666667
7303,9.956666666666667
7304,5.41
7305,7.126666666666667
7306,6.246666666666667
7307,9.813333333333333
7308,6.83
7309,4.806666666666667
7310,13.026666666666667
7311,4.756666666666667
7312,4.03
7313,6.196666666666666
7314,10.043333333333333
7315,7.286666666666667
7316,10.916666666666666
7317,2.8533333333333335
7318,10.716666666666667
7319,3.19
7320,3.3766666666666665
7321,3.97
7322,14.926666666666666
7323,4.543333333333333
7324,17.076666666666668
7325,5.48
7326,5.75
7327,21.17
7328,9.0
7329,5.566666666666666
7330,4.376666666666667
7331,6.86
7332,10.696666666666667
7333,10.33
7334,9.296666666666667
7335,2.69
7336,12.483333333333333
7337,4.89
7338,8.016666666666667
7339,15.1
7340,28.05666666666667
7341,4.136666666666667
7342,3.48
7343,7.723333333333334
7344,6.763333333333334
7345,3.1666666666666665
7346,9.636666666666667
7347,5.033333333333333
7348,16.256666666666668
7349,19.923333333333332
7350,14.78
7351,4.423333333333333
7352,25.78
7353,10.336666666666666
7354,2.8466666666666667
7355,12.706666666666667
7356,13.116666666666667
7357,12.646666666666667
7358,3.1233333333333335
7359,4.653333333333333
7360,8.47
7361,5.696666666666666
7362,2.9133333333333336
7363,3.27
7364,17.903333333333332
7365,20.186666666666667
7366,2.8566666666666665
7367,7.7
7368,11.236666666666666
7369,12.913333333333334
7370,6.676666666666667
7371,19.683333333333334
7372,10.77
7373,10.13
7374,5.66
7375,9.273333333333333
7376,5.713333333333333
7377,18.686666666666667
7378,5.383333333333334
7379,8.88
7380,7.216666666666667
7381,17.06
7382,10.746666666666666
7383,7.953333333333333
7384,12.71
7385,8.373333333333333
7386,8.423333333333334
7387,17.326666666666668
7388,6.493333333333333
7389,7.3133333333333335
7390,7.49
7391,2.9066666666666667
7392,3.4366666666666665
7393,5.8966666666666665
7394,14.273333333333333
7395,4.486666666666666
7396,1.5
7397,11.746666666666666
7398,5.82
7399,12.623333333333333
7400,10.38
7401,5.38
7402,14.266666666666667
7403,12.486666666666666
7404,8.996666666666666
7405,8.79
7406,8.586666666666666
7407,11.76
7408,17.88
7409,2.796666666666667
7410,7.8533333333333335
7411,3.22
7412,5.9366666666666665
7413,5.006666666666667
7414,4.076666666666667
7415,6.42
7416,4.656666666666666
7417,11.996666666666666
7418,11.316666666666666
7419,5.34
7420,4.503333333333333
7421,4.3933333333333335
7422,2.6533333333333333
7423,5.293333333333333
7424,12.196666666666667
7425,4.72
7426,5.56
7427,4.3966666666666665
7428,4.04
7429,3.566666666666667
7430,6.6466666666666665
7431,5.256666666666667
7432,5.31
7433,2.066666666666667
7434,10.266666666666667
7435,10.463333333333333
7436,3.0766666666666667
7437,30.39
7438,28.153333333333332
7439,6.42
7440,6.293333333333333
7441,5.32
7442,3.5833333333333335
7443,4.433333333333334
7444,7.763333333333334
7445,10.296666666666667
7446,5.55
7447,4.433333333333334
7448,3.9466666666666668
7449,20.183333333333334
7450,2.63
7451,19.616666666666667
7452,9.92
7453,3.0966666666666667
7454,7.806666666666667
7455,7.8966666666666665
7456,14.356666666666667
7457,13.346666666666666
7458,7.996666666666667
7459,16.036666666666665
7460,8.82
7461,10.03
7462,10.38
7463,3.953333333333333
7464,3.3766666666666665
7465,4.823333333333333
7466,1.98
7467,6.6866666666666665
7468,13.483333333333333
7469,11.906666666666666
7470,6.56
7471,8.196666666666667
7472,3.8966666666666665
7473,3.6933333333333334
7474,3.9
7475,18.163333333333334
7476,8.73
7477,4.8966666666666665
7478,2.9966666666666666
7479,13.526666666666667
7480,13.213333333333333
7481,13.473333333333333
7482,48.03
7483,14.4
7484,6.773333333333333
7485,3.9566666666666666
7486,4.43
7487,11.366666666666667
7488,8.213333333333333
7489,10.15
7490,3.5933333333333333
7491,3.816666666666667
7492,2.2333333333333334
7493,5.496666666666667
7494,10.846666666666666
7495,2.97
7496,2.9133333333333336
7497,11.683333333333334
7498,4.486666666666666
7499,7.996666666666667
7500,4.593333333333334
7501,14.423333333333334
7502,7.583333333333333
7503,9.24
7504,7.786666666666667
7505,7.586666666666667
7506,4.573333333333333
7507,7.126666666666667
7508,4.64
7509,4.05
7510,23.05666666666667
7511,6.756666666666667
7512,5.27
7513,6.066666666666666
7514,8.13
7515,11.473333333333333
7516,11.746666666666666
7517,5.366666666666666
7518,17.9
7519,10.493333333333334
7520,5.323333333333333
7521,3.14
7522,4.43
7523,16.843333333333334
7524,30.796666666666667
7525,11.19
7526,21.36
7527,7.983333333333333
7528,5.073333333333333
7529,4.286666666666667
7530,4.93
7531,12.643333333333333
7532,7.443333333333333
7533,4.16
7534,18.913333333333334
7535,14.32
7536,21.863333333333333
7537,2.74
7538,2.5633333333333335
7539,3.2666666666666666
7540,8.756666666666666
7541,3.9066666666666667
7542,9.146666666666667
7543,17.57
7544,4.676666666666667
7545,4.756666666666667
7546,6.8533333333333335
7547,27.03
7548,12.326666666666666
7549,8.64
7550,21.09
7551,3.1066666666666665
7552,5.503333333333333
7553,10.23
7554,11.076666666666666
7555,5.706666666666667
7556,4.806666666666667
7557,6.34
7558,6.576666666666667
7559,11.89
7560,4.45
7561,4.433333333333334
7562,7.023333333333333
7563,8.443333333333333
7564,12.41
7565,13.563333333333333
7566,2.5033333333333334
7567,6.17
7568,8.183333333333334
7569,6.483333333333333
7570,3.3466666666666667
7571,3.59
7572,10.076666666666666
7573,7.483333333333333
7574,5.083333333333333
7575,5.073333333333333
7576,17.713333333333335
7577,4.966666666666667
7578,5.193333333333333
7579,3.2466666666666666
7580,39.986666666666665
7581,10.51
7582,6.773333333333333
7583,4.906666666666666
7584,8.546666666666667
7585,12.683333333333334
7586,10.683333333333334
7587,8.726666666666667
7588,17.973333333333333
7589,7.593333333333334
7590,3.8933333333333335
7591,6.97
7592,8.426666666666666
7593,3.59
7594,2.84
7595,2.07
7596,6.633333333333334
7597,2.53
7598,2.3533333333333335
7599,5.136666666666667
7600,5.093333333333334
7601,9.216666666666667
7602,2.2866666666666666
7603,8.016666666666667
7604,4.99
7605,5.4366666666666665
7606,4.623333333333333
7607,7.6
7608,16.796666666666667
7609,55.32
7610,8.206666666666667
7611,12.523333333333333
7612,6.236666666666666
7613,11.593333333333334
7614,9.926666666666666
7615,9.883333333333333
7616,5.693333333333333
7617,10.1
7618,3.1966666666666668
7619,2.3
7620,2.7266666666666666
7621,6.02
7622,15.88
7623,15.126666666666667
7624,8.726666666666667
7625,7.3
7626,7.593333333333334
7627,3.026666666666667
7628,3.1333333333333333
7629,17.903333333333332
7630,6.736666666666666
7631,2.283333333333333
7632,3.19
7633,15.363333333333333
7634,5.413333333333333
7635,7.506666666666667
7636,4.943333333333333
7637,8.683333333333334
7638,5.016666666666667
7639,4.8
7640,4.793333333333333
7641,4.6
7642,17.676666666666666
7643,4.1433333333333335
7644,14.996666666666666
7645,10.396666666666667
7646,18.083333333333332
7647,3.796666666666667
7648,2.98
7649,13.606666666666667
7650,10.186666666666667
7651,36.59
7652,5.713333333333333
7653,13.353333333333333
7654,5.126666666666667
7655,4.803333333333334
7656,10.11
7657,4.533333333333333
7658,14.97
7659,11.09
7660,6.066666666666666
7661,4.806666666666667
7662,3.8133333333333335
7663,4.693333333333333
7664,11.536666666666667
7665,5.286666666666667
7666,15.636666666666667
7667,12.936666666666667
7668,6.86
7669,8.6
7670,20.33
7671,15.983333333333333
7672,20.99
7673,2.9166666666666665
7674,8.713333333333333
7675,4.823333333333333
7676,3.5766666666666667
7677,9.953333333333333
7678,11.636666666666667
7679,2.42
7680,7.0
7681,5.0633333333333335
7682,1.95
7683,4.403333333333333
7684,3.316666666666667
7685,5.12
7686,24.87
7687,5.116666666666666
7688,16.91
7689,4.216666666666667
7690,8.18
7691,5.966666666666667
7692,18.373333333333335
7693,10.05
7694,11.886666666666667
7695,10.686666666666667
7696,45.75
7697,2.5033333333333334
7698,12.133333333333333
7699,4.883333333333334
7700,20.61
7701,13.616666666666667
7702,12.353333333333333
7703,3.9433333333333334
7704,12.376666666666667
7705,7.956666666666667
7706,22.196666666666665
7707,7.806666666666667
7708,17.083333333333332
7709,6.53
7710,6.046666666666667
7711,9.746666666666666
7712,8.02
7713,12.996666666666666
7714,6.573333333333333
7715,2.53
7716,3.81
7717,10.176666666666666
7718,4.1433333333333335
7719,8.766666666666667
7720,3.453333333333333
7721,5.55
7722,6.043333333333333
7723,19.97
7724,3.183333333333333
7725,5.11
7726,5.033333333333333
7727,12.97
7728,5.676666666666667
7729,19.726666666666667
7730,10.01
7731,5.423333333333333
7732,12.08
7733,2.0866666666666664
7734,8.98
7735,14.52
7736,7.703333333333333
7737,10.536666666666667
7738,4.57
7739,4.173333333333333
7740,29.35333333333333
7741,20.05666666666667
7742,13.206666666666667
7743,3.6333333333333333
7744,4.48
7745,4.443333333333333
7746,15.053333333333333
7747,4.833333333333333
7748,3.5966666666666667
7749,23.66
7750,5.59
7751,11.626666666666667
7752,14.33
7753,16.816666666666666
7754,3.8466666666666667
7755,3.4966666666666666
7756,11.933333333333334
7757,8.64
7758,7.8
7759,4.766666666666667
7760,8.766666666666667
7761,5.653333333333333
7762,5.026666666666666
7763,6.27
7764,7.56
7765,14.913333333333334
7766,4.736666666666666
7767,4.926666666666667
7768,6.593333333333334
7769,12.2
7770,10.233333333333333
7771,13.943333333333333
7772,12.23
7773,6.593333333333334
7774,4.493333333333333
7775,14.67
7776,2.3733333333333335
7777,5.386666666666667
7778,10.333333333333334
7779,6.35
7780,10.026666666666667
7781,9.653333333333334
7782,3.1566666666666667
7783,31.89666666666667
7784,7.886666666666667
7785,5.033333333333333
7786,11.763333333333334
7787,6.99
7788,17.596666666666668
7789,7.7
7790,5.95
7791,6.96
7792,8.57
7793,2.9966666666666666
7794,8.006666666666666
7795,7.536666666666667
7796,8.433333333333334
7797,3.77
7798,3.87
7799,23.82
7800,5.066666666666666
7801,3.796666666666667
7802,4.63
7803,3.0233333333333334
7804,11.24
7805,6.923333333333333
7806,3.3933333333333335
7807,3.2533333333333334
7808,11.14
7809,7.886666666666667
7810,32.693333333333335
7811,4.176666666666667
7812,9.17
7813,6.256666666666667
7814,1.8566666666666667
7815,6.803333333333334
7816,13.496666666666666
7817,4.863333333333333
7818,15.523333333333333
7819,7.39
7820,2.8333333333333335
7821,11.296666666666667
7822,10.833333333333334
7823,33.63333333333333
7824,9.513333333333334
7825,6.026666666666666
7826,3.013333333333333
7827,4.683333333333334
7828,6.31
7829,11.236666666666666
7830,15.433333333333334
7831,4.226666666666667
7832,5.616666666666666
7833,6.07
7834,4.593333333333334
7835,7.3133333333333335
7836,17.163333333333334
7837,3.8666666666666667
7838,2.3566666666666665
7839,3.29
7840,8.48
7841,25.05
7842,8.04
7843,5.373333333333333
7844,3.1466666666666665
7845,5.116666666666666
7846,7.92
7847,3.94
7848,4.623333333333333
7849,7.56
7850,8.153333333333334
7851,10.24
7852,4.263333333333334
7853,4.416666666666667
7854,7.61
7855,3.79
7856,9.793333333333333
7857,9.32
7858,2.95
7859,11.763333333333334
7860,2.57
7861,4.693333333333333
7862,7.233333333333333
7863,4.59
7864,14.03
7865,3.9266666666666667
7866,3.6733333333333333
7867,9.723333333333333
7868,7.23
7869,10.543333333333333
7870,19.89
7871,3.8733333333333335
7872,26.446666666666665
7873,23.216666666666665
7874,23.516666666666666
7875,3.57
7876,5.746666666666667
7877,5.58
7878,9.163333333333334
7879,2.6366666666666667
7880,5.37
7881,15.956666666666667
7882,5.98
7883,7.53
7884,8.2
7885,3.7733333333333334
7886,3.6666666666666665
7887,6.333333333333333
7888,5.003333333333333
7889,12.97
7890,9.606666666666667
7891,8.266666666666667
7892,21.583333333333332
7893,5.63
7894,6.966666666666667
7895,17.866666666666667
7896,10.43
7897,7.3
7898,5.22
7899,7.583333333333333
7900,16.746666666666666
7901,12.023333333333333
7902,14.293333333333333
7903,12.293333333333333
7904,24.416666666666668
7905,4.726666666666667
7906,7.42
7907,4.963333333333333
7908,3.2066666666666666
7909,19.293333333333333
7910,12.713333333333333
7911,8.113333333333333
7912,12.556666666666667
7913,5.68
7914,4.62
7915,17.19
7916,7.666666666666667
7917,4.836666666666667
7918,15.1
7919,3.1633333333333336
7920,7.53
7921,2.4
7922,4.683333333333334
7923,10.08
7924,7.59
7925,9.146666666666667
7926,12.166666666666666
7927,11.153333333333334
7928,6.16
7929,4.8133333333333335
7930,4.976666666666667
7931,7.326666666666667
7932,8.2
7933,3.57
7934,10.343333333333334
7935,3.966666666666667
7936,5.5633333333333335
7937,9.34
7938,4.693333333333333
7939,22.713333333333335
7940,9.07
7941,15.15
7942,7.153333333333333
7943,7.59
7944,6.613333333333333
7945,4.376666666666667
7946,10.973333333333333
7947,6.123333333333333
7948,6.433333333333334
7949,3.3566666666666665
7950,8.03
7951,25.026666666666667
7952,7.156666666666666
7953,14.966666666666667
7954,7.633333333333334
7955,8.793333333333333
7956,11.89
7957,6.636666666666667
7958,8.406666666666666
7959,18.66
7960,2.743333333333333
7961,8.583333333333334
7962,19.033333333333335
7963,4.09
7964,5.783333333333333
7965,2.723333333333333
7966,11.863333333333333
7967,3.3433333333333333
7968,13.236666666666666
7969,6.336666666666667
7970,11.616666666666667
7971,4.74
7972,8.806666666666667
7973,6.026666666666666
7974,16.076666666666668
7975,5.976666666666667
7976,1.6933333333333334
7977,5.83
7978,7.596666666666667
7979,11.173333333333334
7980,4.48
7981,5.173333333333333
7982,5.13
7983,3.6866666666666665
7984,2.47
7985,20.923333333333332
7986,5.013333333333334
7987,4.13
7988,19.83
7989,10.54
7990,13.146666666666667
7991,5.333333333333333
7992,5.08
7993,17.653333333333332
7994,7.8133333333333335
7995,2.48
7996,10.133333333333333
7997,2.4566666666666666
7998,4.28
7999,9.0
8000,16.623333333333335
8001,3.9233333333333333
8002,6.85
8003,3.026666666666667
8004,8.036666666666667
8005,9.65
8006,7.153333333333333
8007,9.3
8008,9.846666666666666
8009,12.823333333333334
8010,6.056666666666667
8011,6.373333333333333
8012,2.8766666666666665
8013,11.123333333333333
8014,5.486666666666666
8015,4.573333333333333
8016,22.863333333333333
8017,28.376666666666665
8018,15.09
8019,10.806666666666667
8020,9.013333333333334
8021,2.89
8022,4.34
8023,12.336666666666666
8024,4.283333333333333
8025,3.6266666666666665
8026,19.843333333333334
8027,9.213333333333333
8028,3.9833333333333334
8029,16.386666666666667
8030,6.843333333333334
8031,9.733333333333333
8032,2.86
8033,8.36
8034,17.033333333333335
8035,10.303333333333333
8036,5.056666666666667
8037,5.243333333333333
8038,5.28
8039,17.643333333333334
8040,9.653333333333334
8041,28.466666666666665
8042,2.466666666666667
8043,2.7866666666666666
8044,10.783333333333333
8045,10.413333333333334
8046,9.133333333333333
8047,4.836666666666667
8048,10.61
8049,4.536666666666667
8050,14.803333333333333
8051,9.92
8052,12.933333333333334
8053,3.72
8054,6.253333333333333
8055,4.98
8056,11.716666666666667
8057,6.96
8058,19.766666666666666
8059,6.3533333333333335
8060,5.056666666666667
8061,6.033333333333333
8062,11.023333333333333
8063,5.67
8064,5.233333333333333
8065,25.453333333333333
8066,17.316666666666666
8067,18.1
8068,5.596666666666667
8069,9.796666666666667
8070,15.713333333333333
8071,7.696666666666666
8072,4.93
8073,12.073333333333334
8074,20.936666666666667
8075,9.653333333333334
8076,4.83
8077,5.8566666666666665
8078,9.05
8079,17.843333333333334
8080,8.243333333333334
8081,11.113333333333333
8082,4.726666666666667
8083,5.34
8084,23.29
8085,12.693333333333333
8086,2.6866666666666665
8087,10.79
8088,23.14
8089,5.933333333333334
8090,4.98
8091,4.116666666666666
8092,6.626666666666667
8093,4.7
8094,4.77
8095,26.026666666666667
8096,13.92
8097,6.426666666666667
8098,5.413333333333333
8099,23.696666666666665
8100,7.316666666666666
8101,5.16
8102,2.2466666666666666
8103,5.51
8104,6.293333333333333
8105,3.993333333333333
8106,6.4
8107,7.756666666666667
8108,3.0533333333333332
8109,6.72
8110,3.9066666666666667
8111,11.043333333333333
8112,3.27
8113,20.893333333333334
8114,7.49
8115,4.1433333333333335
8116,6.216666666666667
8117,1.92
8118,6.52
8119,8.75
8120,36.946666666666665
8121,15.503333333333334
8122,3.8533333333333335
8123,4.82
8124,11.343333333333334
8125,10.303333333333333
8126,4.963333333333333
8127,18.823333333333334
8128,2.8666666666666667
8129,9.553333333333333
8130,36.413333333333334
8131,3.09
8132,15.976666666666667
8133,7.1433333333333335
8134,2.4266666666666667
8135,5.336666666666667
8136,26.35333333333333
8137,19.18
8138,4.233333333333333
8139,4.45
8140,6.203333333333333
8141,3.76
8142,4.746666666666667
8143,6.983333333333333
8144,8.543333333333333
8145,8.853333333333333
8146,11.07
8147,29.52
8148,4.943333333333333
8149,7.3533333333333335
8150,9.35
8151,5.45
8152,8.93
8153,4.18
8154,5.493333333333333
8155,43.67666666666667
8156,8.486666666666666
8157,14.69
8158,7.59
8159,5.37
8160,24.93
8161,4.77
8162,4.123333333333333
8163,6.326666666666667
8164,7.85
8165,3.29
8166,5.946666666666666
8167,21.25
8168,4.8533333333333335
8169,4.71
8170,5.97
8171,20.386666666666667
8172,4.493333333333333
8173,5.476666666666667
8174,2.5233333333333334
8175,3.8333333333333335
8176,10.146666666666667
8177,11.156666666666666
8178,42.08
8179,10.01
8180,9.173333333333334
8181,5.88
8182,12.243333333333334
8183,12.16
8184,13.076666666666666
8185,4.6433333333333335
8186,13.743333333333334
8187,11.953333333333333
8188,10.41
8189,5.023333333333333
8190,10.473333333333333
8191,37.68333333333333
8192,4.81
8193,17.69333333333333
8194,5.02
8195,14.856666666666667
8196,6.6866666666666665
8197,17.503333333333334
8198,12.533333333333333
8199,6.783333333333333
8200,7.616666666666666
8201,6.3966666666666665
8202,8.663333333333334
8203,4.33
8204,12.606666666666667
8205,5.12
8206,3.7266666666666666
8207,2.243333333333333
8208,4.093333333333334
8209,13.333333333333334
8210,2.4033333333333333
8211,9.463333333333333
8212,12.34
8213,24.76
8214,16.22
8215,19.36
8216,4.55
8217,13.826666666666666
8218,10.04
8219,14.376666666666667
8220,10.9
8221,6.413333333333333
8222,8.446666666666667
8223,3.9466666666666668
8224,6.75
8225,4.43
8226,2.5433333333333334
8227,16.453333333333333
8228,10.55
8229,5.573333333333333
8230,5.99
8231,3.1666666666666665
8232,13.7
8233,10.003333333333334
8234,10.816666666666666
8235,8.16
8236,6.306666666666667
8237,4.8566666666666665
8238,11.636666666666667
8239,17.043333333333333
8240,3.4033333333333333
8241,4.0633333333333335
8242,8.34
8243,11.066666666666666
8244,6.923333333333333
8245,7.693333333333333
8246,8.246666666666666
8247,4.29
8248,12.006666666666666
8249,5.046666666666667
8250,10.923333333333334
8251,10.84
8252,2.473333333333333
8253,8.376666666666667
8254,12.103333333333333
8255,3.6966666666666668
8256,7.06
8257,4.693333333333333
8258,10.29
8259,10.676666666666666
8260,17.236666666666668
8261,11.273333333333333
8262,31.033333333333335
8263,18.313333333333333
8264,6.35
8265,21.023333333333333
8266,4.233333333333333
8267,6.33
8268,6.33
8269,4.243333333333333
8270,3.39
8271,11.253333333333334
8272,8.84
8273,16.763333333333332
8274,4.013333333333334
8275,4.466666666666667
8276,5.096666666666667
8277,17.566666666666666
8278,4.266666666666667
8279,5.56
8280,9.73
8281,2.493333333333333
8282,10.78
8283,5.836666666666667
8284,10.203333333333333
8285,12.006666666666666
8286,12.323333333333334
8287,7.486666666666666
8288,38.843333333333334
8289,5.343333333333334
8290,11.566666666666666
8291,10.136666666666667
8292,4.753333333333333
8293,6.756666666666667
8294,6.273333333333333
8295,5.09
8296,10.603333333333333
8297,6.653333333333333
8298,4.9366666666666665
8299,4.513333333333334
8300,4.41
8301,5.48
8302,4.07
8303,8.173333333333334
8304,14.333333333333334
8305,3.276666666666667
8306,9.133333333333333
8307,2.723333333333333
8308,5.43
8309,7.193333333333333
8310,7.003333333333333
8311,3.683333333333333
8312,4.136666666666667
8313,7.72
8314,33.88666666666666
8315,5.03
8316,5.776666666666666
8317,7.6066666666666665
8318,2.3566666666666665
8319,4.746666666666667
8320,4.8
8321,7.03
8322,11.496666666666666
8323,5.073333333333333
8324,5.316666666666666
8325,12.696666666666667
8326,8.86
8327,17.44333333333333
8328,11.653333333333334
8329,5.776666666666666
8330,2.3766666666666665
8331,8.223333333333333
8332,5.36
8333,5.3
8334,6.77
8335,11.136666666666667
8336,4.886666666666667
8337,4.28
8338,5.98
8339,5.18
8340,20.813333333333333
8341,17.133333333333333
8342,5.666666666666667
8343,6.47
8344,5.383333333333334
8345,5.243333333333333
8346,3.526666666666667
8347,5.536666666666667
8348,7.696666666666666
8349,3.0533333333333332
8350,5.826666666666667
8351,9.256666666666666
8352,5.94
8353,4.733333333333333
8354,5.573333333333333
8355,4.583333333333333
8356,13.483333333333333
8357,5.716666666666667
8358,3.933333333333333
8359,11.063333333333333
8360,3.99
8361,7.216666666666667
8362,9.003333333333334
8363,10.44
8364,12.76
8365,25.656666666666666
8366,3.4166666666666665
8367,3.67
8368,6.54
8369,8.446666666666667
8370,24.07
8371,8.716666666666667
8372,14.76
8373,2.8533333333333335
8374,6.78
8375,11.436666666666667
8376,18.266666666666666
8377,18.44333333333333
8378,11.096666666666666
8379,5.623333333333333
8380,2.87
8381,10.423333333333334
8382,5.556666666666667
8383,7.286666666666667
8384,13.526666666666667
8385,3.97
8386,9.6
8387,8.213333333333333
8388,3.53
8389,5.046666666666667
8390,5.68
8391,13.316666666666666
8392,19.596666666666668
8393,3.5733333333333333
8394,3.09
8395,14.733333333333333
8396,4.543333333333333
8397,7.083333333333333
8398,4.246666666666667
8399,2.12
8400,11.133333333333333
8401,2.1566666666666667
8402,18.096666666666668
8403,3.216666666666667
8404,5.27
8405,9.383333333333333
8406,8.063333333333333
8407,7.37
8408,4.263333333333334
8409,12.196666666666667
8410,12.83
8411,7.46
8412,3.78
8413,3.0733333333333333
8414,14.523333333333333
8415,26.78
8416,5.246666666666667
8417,31.64666666666667
8418,3.513333333333333
8419,20.773333333333333
8420,5.693333333333333
8421,7.0
8422,8.186666666666667
8423,12.103333333333333
8424,8.353333333333333
8425,4.35
8426,5.863333333333333
8427,5.12
8428,2.7466666666666666
8429,8.206666666666667
8430,11.836666666666666
8431,14.083333333333334
8432,4.403333333333333
8433,3.5866666666666664
8434,4.53
8435,9.716666666666667
8436,5.583333333333333
8437,26.94333333333333
8438,5.703333333333333
8439,5.773333333333333
8440,5.14
8441,4.426666666666667
8442,5.163333333333333
8443,11.003333333333334
8444,13.256666666666666
8445,6.4
8446,3.1166666666666667
8447,4.676666666666667
8448,10.243333333333334
8449,11.706666666666667
8450,34.54333333333334
8451,5.363333333333333
8452,14.496666666666666
8453,4.696666666666666
8454,13.083333333333334
8455,4.786666666666667
8456,5.55
8457,13.183333333333334
8458,3.0933333333333333
8459,5.336666666666667
8460,5.81
8461,4.246666666666667
8462,21.663333333333334
8463,7.303333333333334
8464,3.47
8465,2.6933333333333334
8466,2.91
8467,11.276666666666667
8468,7.863333333333333
8469,4.47
8470,6.1466666666666665
8471,3.0633333333333335
8472,15.91
8473,7.8133333333333335
8474,6.346666666666667
8475,5.003333333333333
8476,8.013333333333334
8477,12.58
8478,6.196666666666666
8479,8.686666666666667
8480,7.266666666666667
8481,11.306666666666667
8482,4.626666666666667
8483,4.993333333333333
8484,3.5233333333333334
8485,17.51
8486,5.746666666666667
8487,5.253333333333333
8488,5.9
8489,5.846666666666667
8490,4.793333333333333
8491,4.623333333333333
8492,39.42333333333333
8493,11.996666666666666
8494,6.863333333333333
8495,15.463333333333333
8496,8.963333333333333
8497,15.103333333333333
8498,6.253333333333333
8499,4.58
8500,3.683333333333333
8501,13.433333333333334
8502,21.4
8503,10.566666666666666
8504,6.9
8505,6.14
8506,7.43
8507,29.326666666666668
8508,7.306666666666667
8509,11.39
8510,6.33
8511,28.973333333333333
8512,8.686666666666667
8513,13.04
8514,8.01
8515,4.693333333333333
8516,16.063333333333333
8517,6.12
8518,1.96
8519,5.49
8520,3.933333333333333
8521,5.573333333333333
8522,14.5
8523,9.8
8524,4.763333333333334
8525,2.8933333333333335
8526,4.056666666666667
8527,3.7066666666666666
8528,10.783333333333333
8529,4.22
8530,4.923333333333333
8531,9.056666666666667
8532,2.276666666666667
8533,4.793333333333333
8534,9.03
8535,43.64
8536,8.526666666666667
8537,2.3966666666666665
8538,9.33
8539,5.03
8540,6.786666666666667
8541,6.823333333333333
8542,15.983333333333333
8543,10.993333333333334
8544,9.206666666666667
8545,6.323333333333333
8546,9.09
8547,3.5966666666666667
8548,9.223333333333333
8549,6.48
8550,3.8333333333333335
8551,6.176666666666667
8552,10.423333333333334
8553,3.86
8554,14.353333333333333
8555,2.953333333333333
8556,2.9066666666666667
8557,14.766666666666667
8558,3.96
8559,13.1
8560,6.42
8561,9.096666666666666
8562,4.043333333333333
8563,4.713333333333333
8564,6.04
8565,4.126666666666667
8566,11.963333333333333
8567,9.15
8568,5.943333333333333
8569,7.586666666666667
8570,32.37
8571,6.323333333333333
8572,4.383333333333334
8573,5.656666666666666
8574,11.686666666666667
8575,18.826666666666668
8576,11.846666666666666
8577,5.883333333333334
8578,15.423333333333334
8579,11.306666666666667
8580,5.486666666666666
8581,4.06
8582,10.613333333333333
8583,15.606666666666667
8584,3.6033333333333335
8585,14.57
8586,10.266666666666667
8587,11.813333333333333
8588,4.55
8589,4.1
8590,3.9466666666666668
8591,7.913333333333333
8592,9.333333333333334
8593,10.826666666666666
8594,20.343333333333334
8595,5.43
8596,4.66
8597,13.55
8598,3.12
8599,9.013333333333334
8600,5.8
8601,5.496666666666667
8602,16.786666666666665
8603,7.376666666666667
8604,3.0166666666666666
8605,14.37
8606,12.763333333333334
8607,32.17
8608,9.403333333333334
8609,7.26
8610,2.183333333333333
8611,2.26
8612,8.36
8613,4.42
8614,38.42333333333333
8615,9.41
8616,5.48
8617,3.316666666666667
8618,2.99
8619,5.586666666666667
8620,5.093333333333334
8621,9.016666666666667
8622,4.763333333333334
8623,6.486666666666666
8624,11.456666666666667
8625,1.8966666666666667
8626,11.753333333333334
8627,4.49
8628,6.63
8629,6.51
8630,9.223333333333333
8631,5.33
8632,18.31
8633,12.21
8634,2.1266666666666665
8635,3.29
8636,9.566666666666666
8637,3.0566666666666666
8638,8.84
8639,6.43
8640,5.263333333333334
8641,4.31
8642,11.773333333333333
8643,6.013333333333334
8644,4.6033333333333335
8645,14.75
8646,15.45
8647,5.403333333333333
8648,13.92
8649,7.656666666666666
8650,12.583333333333334
8651,6.483333333333333
8652,3.6433333333333335
8653,2.52
8654,4.056666666666667
8655,6.413333333333333
8656,7.016666666666667
8657,14.52
8658,5.153333333333333
8659,9.273333333333333
8660,4.496666666666667
8661,2.783333333333333
8662,3.6466666666666665
8663,7.943333333333333
8664,5.126666666666667
8665,6.836666666666667
8666,7.526666666666666
8667,3.3366666666666664
8668,8.433333333333334
8669,7.496666666666667
8670,4.85
8671,7.283333333333333
8672,30.53
8673,40.723333333333336
8674,23.226666666666667
8675,4.61
8676,7.463333333333333
8677,12.996666666666666
8678,5.863333333333333
8679,11.53
8680,9.016666666666667
8681,3.0833333333333335
8682,2.9166666666666665
8683,6.8133333333333335
8684,5.623333333333333
8685,15.833333333333334
8686,13.196666666666667
8687,6.033333333333333
8688,11.543333333333333
8689,4.763333333333334
8690,2.8966666666666665
8691,17.016666666666666
8692,4.71
8693,4.56
8694,3.7666666666666666
8695,10.973333333333333
8696,16.143333333333334
8697,7.4
8698,5.326666666666667
8699,9.246666666666666
8700,7.6066666666666665
8701,3.3866666666666667
8702,2.816666666666667
8703,7.456666666666667
8704,10.146666666666667
8705,4.213333333333333
8706,20.263333333333332
8707,10.96
8708,9.046666666666667
8709,13.173333333333334
8710,2.566666666666667
8711,19.80666666666667
8712,12.153333333333334
8713,10.743333333333334
8714,7.45
8715,3.9066666666666667
8716,9.856666666666667
8717,2.9133333333333336
8718,9.633333333333333
8719,3.3066666666666666
8720,41.63
8721,9.07
8722,7.38
8723,10.34
8724,9.98
8725,5.75
8726,5.12
8727,13.506666666666666
8728,4.806666666666667
8729,11.86
8730,15.266666666666667
8731,32.39333333333333
8732,6.6066666666666665
8733,2.0233333333333334
8734,12.693333333333333
8735,2.9233333333333333
8736,4.8566666666666665
8737,26.68
8738,15.626666666666667
8739,5.96
8740,6.023333333333333
8741,3.6733333333333333
8742,6.08
8743,12.31
8744,22.473333333333333
8745,3.03
8746,6.84
8747,5.486666666666666
8748,3.0633333333333335
8749,24.756666666666668
8750,9.633333333333333
8751,18.593333333333334
8752,3.9466666666666668
8753,5.023333333333333
8754,5.54
8755,8.806666666666667
8756,12.193333333333333
8757,2.3766666666666665
8758,5.6433333333333335
8759,3.7333333333333334
8760,3.8866666666666667
8761,6.803333333333334
8762,2.97
8763,7.27
8764,3.3066666666666666
8765,13.303333333333333
8766,12.36
8767,3.8466666666666667
8768,12.96
8769,20.483333333333334
8770,7.3
8771,6.986666666666666
8772,5.883333333333334
8773,14.62
8774,4.806666666666667
8775,5.5
8776,10.896666666666667
8777,17.513333333333332
8778,10.45
8779,23.173333333333332
8780,4.316666666666666
8781,11.963333333333333
8782,2.8733333333333335
8783,20.473333333333333
8784,4.416666666666667
8785,4.336666666666667
8786,6.97
8787,6.086666666666667
8788,10.48
8789,16.696666666666665
8790,2.2066666666666666
8791,5.293333333333333
8792,11.223333333333333
8793,19.2
8794,2.9233333333333333
8795,3.183333333333333
8796,5.84
8797,7.993333333333333
8798,2.736666666666667
8799,2.5633333333333335
8800,7.133333333333334
8801,8.133333333333333
8802,3.6733333333333333
8803,10.803333333333333
8804,16.093333333333334
8805,3.82
8806,4.626666666666667
8807,11.223333333333333
8808,25.816666666666666
8809,10.796666666666667
8810,15.993333333333334
8811,11.846666666666666
8812,9.013333333333334
8813,4.92
8814,5.933333333333334
8815,11.036666666666667
8816,2.3066666666666666
8817,6.0633333333333335
8818,10.333333333333334
8819,6.706666666666667
8820,5.673333333333333
8821,4.04
8822,6.256666666666667
8823,6.526666666666666
8824,6.466666666666667
8825,3.66
8826,5.883333333333334
8827,6.453333333333333
8828,8.176666666666666
8829,6.3
8830,6.76
8831,5.7
8832,13.96
8833,8.553333333333333
8834,7.46
8835,7.93
8836,8.276666666666667
8837,5.96
8838,15.716666666666667
8839,3.703333333333333
8840,4.126666666666667
8841,8.08
8842,5.25
8843,5.04
8844,24.226666666666667
8845,8.133333333333333
8846,5.08
8847,2.993333333333333
8848,21.876666666666665
8849,5.13
8850,3.4066666666666667
8851,5.25
8852,17.456666666666667
8853,3.566666666666667
8854,14.553333333333333
8855,10.073333333333334
8856,6.31
8857,13.92
8858,18.41
8859,3.3566666666666665
8860,12.106666666666667
8861,5.673333333333333
8862,6.166666666666667
8863,26.213333333333335
8864,5.83
8865,10.553333333333333
8866,8.236666666666666
8867,7.683333333333334
8868,8.86
8869,4.1
8870,5.7
8871,2.3833333333333333
8872,7.743333333333333
8873,4.076666666666667
8874,2.78
8875,4.123333333333333
8876,3.1033333333333335
8877,4.536666666666667
8878,5.756666666666667
8879,17.076666666666668
8880,9.483333333333333
8881,4.733333333333333
8882,14.24
8883,4.823333333333333
8884,4.586666666666667
8885,23.493333333333332
8886,4.8533333333333335
8887,5.243333333333333
8888,12.646666666666667
8889,4.76
8890,8.516666666666667
8891,6.16
8892,5.113333333333333
8893,7.5
8894,8.71
8895,3.756666666666667
8896,8.63
8897,6.56
8898,3.4
8899,6.786666666666667
8900,8.173333333333334
8901,8.713333333333333
8902,5.776666666666666
8903,28.59
8904,5.176666666666667
8905,4.863333333333333
8906,24.77
8907,9.49
8908,3.4
8909,10.753333333333334
8910,12.966666666666667
8911,18.423333333333332
8912,3.203333333333333
8913,9.473333333333333
8914,15.396666666666667
8915,4.503333333333333
8916,5.04
8917,3.3666666666666667
8918,4.263333333333334
8919,10.836666666666666
8920,24.496666666666666
8921,3.2466666666666666
8922,15.433333333333334
8923,4.62
8924,7.84
8925,5.543333333333333
8926,11.033333333333333
8927,6.223333333333334
8928,5.8133333333333335
8929,7.233333333333333
8930,3.62
8931,4.3533333333333335
8932,8.856666666666667
8933,2.8866666666666667
8934,12.296666666666667
8935,4.723333333333334
8936,4.406666666666666
8937,4.516666666666667
8938,3.6533333333333333
8939,17.44333333333333
8940,42.10666666666667
8941,8.176666666666666
8942,21.816666666666666
8943,4.216666666666667
8944,3.546666666666667
8945,4.19
8946,10.176666666666666
8947,4.74
8948,5.24
8949,22.243333333333332
8950,8.733333333333333
8951,7.343333333333334
8952,3.703333333333333
8953,6.533333333333333
8954,4.476666666666667
8955,5.886666666666667
8956,4.25
8957,6.663333333333333
8958,9.343333333333334
8959,3.72
8960,15.59
8961,24.0
8962,3.7933333333333334
8963,4.596666666666667
8964,4.58
8965,3.6433333333333335
8966,6.343333333333334
8967,2.1533333333333333
8968,6.963333333333333
8969,5.263333333333334
8970,6.033333333333333
8971,5.816666666666666
8972,7.34
8973,4.286666666666667
8974,9.253333333333334
8975,6.8566666666666665
8976,3.9566666666666666
8977,9.136666666666667
8978,4.763333333333334
8979,21.783333333333335
8980,4.543333333333333
8981,8.153333333333334
8982,4.583333333333333
8983,15.16
8984,6.983333333333333
8985,6.016666666666667
8986,7.006666666666667
8987,8.59
8988,13.916666666666666
8989,6.43
8990,37.13333333333333
8991,11.67
8992,12.123333333333333
8993,5.943333333333333
8994,3.0766666666666667
8995,2.7133333333333334
8996,16.483333333333334
8997,11.38
8998,1.9766666666666666
8999,2.216666666666667
9000,7.233333333333333
9001,5.736666666666666
9002,8.183333333333334
9003,2.84
9004,10.523333333333333
9005,4.173333333333333
9006,16.316666666666666
9007,5.323333333333333
9008,6.866666666666666
9009,14.056666666666667
9010,14.026666666666667
9011,11.923333333333334
9012,3.8666666666666667
9013,2.46
9014,2.88
9015,4.656666666666666
9016,3.1733333333333333
9017,12.873333333333333
9018,5.203333333333333
9019,6.173333333333333
9020,9.34
9021,3.0933333333333333
9022,10.223333333333333
9023,9.713333333333333
9024,5.05
9025,8.966666666666667
9026,5.01
9027,5.333333333333333
9028,2.09
9029,6.63
9030,5.806666666666667
9031,17.463333333333335
9032,7.2
9033,10.903333333333334
9034,2.993333333333333
9035,4.556666666666667
9036,9.92
9037,4.616666666666666
9038,4.01
9039,2.6933333333333334
9040,10.086666666666666
9041,18.21
9042,14.853333333333333
9043,28.94333333333333
9044,7.52
9045,13.916666666666666
9046,8.103333333333333
9047,7.87
9048,4.296666666666667
9049,2.6533333333333333
9050,6.0633333333333335
9051,5.776666666666666
9052,4.123333333333333
9053,3.8733333333333335
9054,32.22
9055,14.04
9056,5.73
9057,3.7333333333333334
9058,4.4366666666666665
9059,9.876666666666667
9060,11.436666666666667
9061,15.72
9062,6.156666666666666
9063,12.776666666666667
9064,14.496666666666666
9065,11.426666666666666
9066,4.363333333333333
9067,9.91
9068,3.486666666666667
9069,5.413333333333333
9070,5.753333333333333
9071,3.8066666666666666
9072,14.45
9073,2.7533333333333334
9074,10.62
9075,3.3066666666666666
9076,2.8066666666666666
9077,3.7866666666666666
9078,13.443333333333333
9079,2.94
9080,4.29
9081,5.276666666666666
9082,20.776666666666667
9083,10.88
9084,5.816666666666666
9085,9.346666666666666
9086,9.946666666666667
9087,5.553333333333334
9088,10.176666666666666
9089,12.643333333333333
9090,27.99
9091,5.22
9092,9.023333333333333
9093,5.446666666666666
9094,5.973333333333334
9095,15.616666666666667
9096,9.1
9097,8.156666666666666
9098,3.3866666666666667
9099,8.43
9100,7.126666666666667
9101,11.0
9102,6.54
9103,8.933333333333334
9104,25.416666666666668
9105,3.91
9106,5.15
9107,4.763333333333334
9108,11.066666666666666
9109,13.89
9110,8.776666666666667
9111,8.89
9112,25.156666666666666
9113,5.07
9114,6.51
9115,8.733333333333333
9116,5.86
9117,4.376666666666667
9118,3.51
9119,4.836666666666667
9120,6.166666666666667
9121,15.656666666666666
9122,24.996666666666666
9123,5.33
9124,6.1066666666666665
9125,3.1933333333333334
9126,9.296666666666667
9127,10.813333333333333
9128,10.19
9129,6.333333333333333
9130,2.9066666666666667
9131,7.773333333333333
9132,6.73
9133,9.493333333333334
9134,4.61
9135,3.33
9136,10.45
9137,3.3933333333333335
9138,19.55
9139,4.156666666666666
9140,9.373333333333333
9141,7.823333333333333
9142,11.763333333333334
9143,3.43
9144,5.626666666666667
9145,9.716666666666667
9146,7.9
9147,4.176666666666667
9148,9.976666666666667
9149,5.476666666666667
9150,3.78
9151,12.813333333333333
9152,12.536666666666667
9153,2.72
9154,2.3733333333333335
9155,11.23
9156,21.04
9157,1.9233333333333333
9158,6.713333333333333
9159,7.91
9160,8.57
9161,6.26
9162,7.846666666666667
9163,3.8366666666666664
9164,2.6
9165,3.6
9166,3.453333333333333
9167,15.606666666666667
9168,3.53
9169,4.723333333333334
9170,4.483333333333333
9171,9.1
9172,3.9033333333333333
9173,5.6866666666666665
9174,6.03
9175,15.55
9176,13.87
9177,4.99
9178,5.663333333333333
9179,4.843333333333334
9180,5.226666666666667
9181,1.9833333333333334
9182,8.656666666666666
9183,18.76
9184,7.726666666666667
9185,7.32
9186,5.37
9187,10.07
9188,5.62
9189,9.373333333333333
9190,11.436666666666667
9191,5.846666666666667
9192,6.81
9193,6.763333333333334
9194,4.346666666666667
9195,13.436666666666667
9196,6.42
9197,19.946666666666665
9198,10.443333333333333
9199,5.38
9200,4.506666666666667
9201,8.746666666666666
9202,26.166666666666668
9203,14.5
9204,8.626666666666667
9205,2.66
9206,12.706666666666667
9207,42.11666666666667
9208,19.813333333333333
9209,4.67
9210,18.39
9211,7.27
9212,9.523333333333333
9213,6.003333333333333
9214,2.8133333333333335
9215,5.56
9216,4.983333333333333
9217,17.86
9218,4.9
9219,5.993333333333333
9220,35.49333333333333
9221,11.703333333333333
9222,3.27
9223,11.923333333333334
9224,8.333333333333334
9225,8.16
9226,11.426666666666666
9227,19.45
9228,7.673333333333333
9229,3.933333333333333
9230,5.046666666666667
9231,2.933333333333333
9232,4.056666666666667
9233,7.016666666666667
9234,5.026666666666666
9235,5.623333333333333
9236,12.843333333333334
9237,14.84
9238,2.3033333333333332
9239,2.88
9240,8.726666666666667
9241,5.876666666666667
9242,9.573333333333334
9243,8.07
9244,4.966666666666667
9245,11.25
9246,4.433333333333334
9247,6.043333333333333
9248,20.19333333333333
9249,3.5633333333333335
9250,8.416666666666666
9251,6.413333333333333
9252,5.463333333333333
9253,13.01
9254,5.49
9255,25.873333333333335
9256,2.993333333333333
9257,11.226666666666667
9258,3.7466666666666666
9259,10.706666666666667
9260,2.1533333333333333
9261,5.693333333333333
9262,14.826666666666666
9263,4.433333333333334
9264,4.913333333333333
9265,26.663333333333334
9266,2.3633333333333333
9267,3.6533333333333333
9268,25.996666666666666
9269,18.376666666666665
9270,3.8933333333333335
9271,3.87
9272,5.2
9273,5.996666666666667
9274,10.29
9275,3.1866666666666665
9276,7.256666666666667
9277,5.066666666666666
9278,14.6
9279,4.1066666666666665
9280,10.646666666666667
9281,2.7733333333333334
9282,10.636666666666667
9283,6.496666666666667
9284,9.18
9285,19.48
9286,6.7
9287,2.7866666666666666
9288,15.553333333333333
9289,14.74
9290,11.15
9291,3.6866666666666665
9292,4.066666666666666
9293,4.083333333333333
9294,7.126666666666667
9295,6.62
9296,9.786666666666667
9297,5.1066666666666665
9298,11.866666666666667
9299,7.203333333333333
9300,16.52
9301,20.73
9302,5.176666666666667
9303,17.006666666666668
9304,10.886666666666667
9305,4.033333333333333
9306,2.1166666666666667
9307,6.726666666666667
9308,5.713333333333333
9309,2.8366666666666664
9310,7.633333333333334
9311,5.53
9312,3.6733333333333333
9313,12.956666666666667
9314,8.54
9315,10.45
9316,11.09
9317,7.113333333333333
9318,1.9233333333333333
9319,10.24
9320,27.41
9321,3.77
9322,4.25
9323,49.37
9324,5.763333333333334
9325,7.32
9326,4.1433333333333335
9327,7.366666666666666
9328,1.7433333333333334
9329,5.3133333333333335
9330,4.283333333333333
9331,20.143333333333334
9332,9.073333333333334
9333,5.963333333333333
9334,21.013333333333332
9335,23.52
9336,10.456666666666667
9337,11.463333333333333
9338,5.586666666666667
9339,3.86
9340,5.973333333333334
9341,2.1266666666666665
9342,3.5433333333333334
9343,4.97
9344,4.093333333333334
9345,10.596666666666666
9346,5.076666666666667
9347,3.89
9348,6.5
9349,9.076666666666666
9350,2.953333333333333
9351,14.2
9352,20.933333333333334
9353,10.853333333333333
9354,7.663333333333333
9355,27.58
9356,7.74
9357,23.636666666666667
9358,5.34
9359,5.526666666666666
9360,3.3633333333333333
9361,8.596666666666666
9362,6.503333333333333
9363,29.196666666666665
9364,10.39
9365,2.56
9366,19.723333333333333
9367,4.306666666666667
9368,6.863333333333333
9369,5.6066666666666665
9370,9.51
9371,8.326666666666666
9372,3.0766666666666667
9373,2.9833333333333334
9374,3.223333333333333
9375,6.256666666666667
9376,5.136666666666667
9377,5.503333333333333
9378,18.53
9379,6.976666666666667
9380,4.14
9381,5.256666666666667
9382,6.45
9383,6.51
9384,16.196666666666665
9385,2.486666666666667
9386,5.343333333333334
9387,7.203333333333333
9388,14.796666666666667
9389,9.546666666666667
9390,5.153333333333333
9391,13.106666666666667
9392,7.383333333333334
9393,5.506666666666667
9394,3.6066666666666665
9395,5.54
9396,41.093333333333334
9397,23.566666666666666
9398,5.866666666666666
9399,23.116666666666667
9400,4.823333333333333
9401,5.723333333333334
9402,6.03
9403,13.48
9404,9.203333333333333
9405,2.4066666666666667
9406,3.31
9407,7.026666666666666
9408,6.663333333333333
9409,10.436666666666667
9410,12.48
9411,11.98
9412,5.66
9413,7.9366666666666665
9414,14.69
9415,4.753333333333333
9416,28.22
9417,9.15
9418,23.10333333333333
9419,9.106666666666667
9420,59.406666666666666
9421,21.84
9422,10.62
9423,12.196666666666667
9424,5.38
9425,2.6966666666666668
9426,5.673333333333333
9427,16.803333333333335
9428,45.99
9429,4.973333333333334
9430,6.333333333333333
9431,10.52
9432,11.093333333333334
9433,11.34
9434,7.883333333333334
9435,3.71
9436,20.413333333333334
9437,9.446666666666667
9438,10.81
9439,30.156666666666666
9440,13.21
9441,5.076666666666667
9442,6.33
9443,13.09
9444,4.046666666666667
9445,10.823333333333334
9446,6.26
9447,6.07
9448,7.913333333333333
9449,19.92
9450,7.3933333333333335
9451,6.666666666666667
9452,56.623333333333335
9453,4.706666666666667
9454,14.326666666666666
9455,10.823333333333334
9456,2.433333333333333
9457,6.343333333333334
9458,2.4033333333333333
9459,17.066666666666666
9460,5.02
9461,6.09
9462,8.756666666666666
9463,11.383333333333333
9464,9.77
9465,9.92
9466,15.406666666666666
9467,5.23
9468,13.403333333333334
9469,7.1433333333333335
9470,6.1866666666666665
9471,7.303333333333334
9472,11.506666666666666
9473,5.423333333333333
9474,20.073333333333334
9475,6.486666666666666
9476,3.37
9477,10.34
9478,10.623333333333333
9479,13.636666666666667
9480,5.163333333333333
9481,5.913333333333333
9482,5.543333333333333
9483,4.58
9484,5.81
9485,5.55
9486,10.003333333333334
9487,11.353333333333333
9488,3.61
9489,12.723333333333333
9490,4.846666666666667
9491,11.75
9492,9.66
9493,6.01
9494,5.61
9495,4.993333333333333
9496,5.493333333333333
9497,4.543333333333333
9498,3.82
9499,3.0866666666666664
9500,3.75
9501,5.826666666666667
9502,3.9066666666666667
9503,5.97
9504,13.36
9505,3.39
9506,15.693333333333333
9507,5.75
9508,25.56
9509,35.93333333333333
9510,4.093333333333334
9511,4.96
9512,8.113333333333333
9513,5.366666666666666
9514,4.66
9515,14.86
9516,5.493333333333333
9517,5.443333333333333
9518,3.2266666666666666
9519,6.213333333333333
9520,4.733333333333333
9521,14.966666666666667
9522,5.21
9523,4.6866666666666665
9524,4.79
9525,3.96
9526,10.463333333333333
9527,5.8533333333333335
9528,8.24
9529,9.796666666666667
9530,5.5
9531,6.846666666666667
9532,6.503333333333333
9533,8.883333333333333
9534,2.4266666666666667
9535,6.283333333333333
9536,8.38
9537,16.496666666666666
9538,8.31
9539,12.306666666666667
9540,3.32
9541,6.773333333333333
9542,11.376666666666667
9543,8.33
9544,3.256666666666667
9545,3.513333333333333
9546,6.43
9547,4.533333333333333
9548,5.053333333333334
9549,5.783333333333333
9550,5.933333333333334
9551,7.006666666666667
9552,5.5
9553,18.27
9554,5.1866666666666665
9555,7.58
9556,8.27
9557,3.56
9558,4.333333333333333
9559,13.463333333333333
9560,6.296666666666667
9561,6.28
9562,29.3
9563,2.4766666666666666
9564,4.223333333333334
9565,4.923333333333333
9566,15.83
9567,3.0366666666666666
9568,16.44
9569,5.88
9570,4.126666666666667
9571,5.42
9572,4.496666666666667
9573,8.02
9574,7.033333333333333
9575,8.593333333333334
9576,6.286666666666667
9577,8.51
9578,6.976666666666667
9579,17.51
9580,4.71
9581,3.0433333333333334
9582,4.446666666666666
9583,15.59
9584,5.1433333333333335
9585,4.41
9586,7.583333333333333
9587,3.506666666666667
9588,8.896666666666667
9589,6.1
9590,7.046666666666667
9591,4.55
9592,6.213333333333333
9593,9.603333333333333
9594,5.19
9595,12.83
9596,4.11
9597,4.903333333333333
9598,11.776666666666667
9599,3.486666666666667
9600,8.806666666666667
9601,5.66
9602,3.466666666666667
9603,3.34
9604,8.69
9605,22.26
9606,2.2933333333333334
9607,16.153333333333332
9608,3.9833333333333334
9609,8.3
9610,2.5766666666666667
9611,1.9033333333333333
9612,10.613333333333333
9613,10.196666666666667
9614,2.6733333333333333
9615,5.99
9616,5.6
9617,7.786666666666667
9618,4.9366666666666665
9619,7.656666666666666
9620,4.023333333333333
9621,14.896666666666667
9622,2.4133333333333336
9623,6.8933333333333335
9624,5.373333333333333
9625,8.63
9626,17.986666666666668
9627,7.906666666666666
9628,6.416666666666667
9629,3.3766666666666665
9630,3.21
9631,5.3966666666666665
9632,13.276666666666667
9633,5.52
9634,16.933333333333334
9635,8.913333333333334
9636,3.23
9637,3.066666666666667
9638,31.42
9639,11.386666666666667
9640,12.516666666666667
9641,7.3533333333333335
9642,6.096666666666667
9643,4.236666666666666
9644,13.073333333333334
9645,19.94333333333333
9646,7.87
9647,20.75
9648,13.236666666666666
9649,2.2133333333333334
9650,4.3933333333333335
9651,8.656666666666666
9652,5.293333333333333
9653,10.0
9654,18.07
9655,4.763333333333334
9656,6.926666666666667
9657,27.303333333333335
9658,6.55
9659,3.453333333333333
9660,7.726666666666667
9661,7.533333333333333
9662,10.25
9663,2.47
9664,5.3566666666666665
9665,3.3633333333333333
9666,9.636666666666667
9667,4.68
9668,5.9
9669,8.65
9670,4.22
9671,5.44
9672,6.123333333333333
9673,4.403333333333333
9674,5.496666666666667
9675,10.69
9676,2.203333333333333
9677,7.933333333333334
9678,10.24
9679,11.713333333333333
9680,10.696666666666667
9681,8.653333333333334
9682,14.633333333333333
9683,6.956666666666667
9684,4.8533333333333335
9685,4.803333333333334
9686,18.2
9687,11.22
9688,9.52
9689,4.596666666666667
9690,10.746666666666666
9691,10.246666666666666
9692,5.31
9693,3.55
9694,10.803333333333333
9695,3.64
9696,4.56
9697,4.336666666666667
9698,5.213333333333333
9699,7.213333333333333
9700,7.326666666666667
9701,2.6733333333333333
9702,14.46
9703,6.006666666666667
9704,22.633333333333333
9705,6.17
9706,2.8266666666666667
9707,6.1866666666666665
9708,3.74
9709,5.6066666666666665
9710,11.52
9711,13.013333333333334
9712,12.16
9713,8.53
9714,3.723333333333333
9715,15.12
9716,5.433333333333334
9717,16.843333333333334
9718,4.61
9719,3.93
9720,3.0866666666666664
9721,2.4133333333333336
9722,6.283333333333333
9723,14.01
9724,8.86
9725,4.293333333333333
9726,9.263333333333334
9727,5.966666666666667
9728,19.39666666666667
9729,9.513333333333334
9730,4.476666666666667
9731,6.196666666666666
9732,14.033333333333333
9733,6.966666666666667
9734,5.8
9735,2.44
9736,4.79
9737,8.166666666666666
9738,8.383333333333333
9739,5.42
9740,4.823333333333333
9741,9.03
9742,5.476666666666667
9743,18.67
9744,9.446666666666667
9745,8.563333333333333
9746,12.543333333333333
9747,15.4
9748,11.52
9749,14.526666666666667
9750,4.583333333333333
9751,9.086666666666666
9752,11.74
9753,5.31
9754,3.6433333333333335
9755,5.786666666666667
9756,2.66
9757,29.6
9758,42.723333333333336
9759,8.423333333333334
9760,4.016666666666667
9761,11.313333333333333
9762,23.98
9763,13.576666666666666
9764,16.866666666666667
9765,3.46
9766,5.466666666666667
9767,5.6866666666666665
9768,10.123333333333333
9769,7.816666666666666
9770,2.3966666666666665
9771,5.583333333333333
9772,3.3666666666666667
9773,5.246666666666667
9774,6.13
9775,10.42
9776,8.006666666666666
9777,6.63
9778,6.4366666666666665
9779,7.28
9780,11.956666666666667
9781,14.67
9782,24.72
